Time,Status,raceId
0 days 00:00:03.202000,Inactive,2018r1r
0 days 00:07:07.988000,Started,2018r1r
0 days 01:36:41.572000,Finished,2018r1r
0 days 01:51:27.397000,Finalised,2018r1r
0 days 01:51:27.397000,Ends,2018r1r
0 days 00:00:07.985000,Inactive,2018r2r
0 days 00:07:36.924000,Started,2018r2r
0 days 01:39:39.084000,Finished,2018r2r
0 days 01:43:43.216000,Finalised,2018r2r
0 days 01:44:57.116000,Ends,2018r2r
0 days 00:00:03.649000,Inactive,2018r3r
0 days 00:07:35.940000,Started,2018r3r
0 days 01:43:12.517000,Finished,2018r3r
0 days 01:52:19.610000,Finalised,2018r3r
0 days 01:53:26.828000,Ends,2018r3r
0 days 00:00:01.258000,Inactive,2018r4r
0 days 00:07:42.253000,Started,2018r4r
0 days 01:51:26.763000,Finished,2018r4r
0 days 01:53:37.605000,Finalised,2018r4r
0 days 01:54:49.686000,Ends,2018r4r
0 days 00:00:05.281000,Inactive,2018r5r
0 days 00:07:04.213000,Started,2018r5r
0 days 01:42:34.384000,Finished,2018r5r
0 days 01:45:28.363000,Finalised,2018r5r
0 days 01:46:32.352000,Ends,2018r5r
0 days 00:00:01.688000,Inactive,2018r6r
0 days 00:06:47.319000,Started,2018r6r
0 days 01:49:42.333000,Finished,2018r6r
0 days 01:53:14.727000,Finalised,2018r6r
0 days 01:54:37.162000,Ends,2018r6r
0 days 00:00:05.270000,Inactive,2018r7r
0 days 00:06:56.859000,Started,2018r7r
0 days 01:37:59.403000,Finished,2018r7r
0 days 01:45:36.964000,Finalised,2018r7r
0 days 01:46:55.113000,Ends,2018r7r
0 days 00:00:10.947000,Inactive,2018r8r
0 days 00:07:26.483000,Started,2018r8r
0 days 01:37:38.028000,Finished,2018r8r
0 days 01:42:03.171000,Finalised,2018r8r
0 days 01:43:29.163000,Ends,2018r8r
0 days 00:00:02.500000,Inactive,2018r9r
0 days 00:06:43.395000,Started,2018r9r
0 days 01:28:39.635000,Finished,2018r9r
0 days 01:31:38.297000,Finalised,2018r9r
0 days 01:31:38.297000,Ends,2018r9r
0 days 00:00:04.206000,Inactive,2018r10r
0 days 00:07:17.544000,Started,2018r10r
0 days 01:34:47.531000,Finished,2018r10r
0 days 01:38:23.131000,Finalised,2018r10r
0 days 01:39:28.634000,Ends,2018r10r
0 days 00:00:03.414000,Inactive,2018r11r
0 days 00:06:56.587000,Started,2018r11r
0 days 01:39:26.662000,Finished,2018r11r
0 days 01:43:28.193000,Finalised,2018r11r
0 days 01:44:32.545000,Ends,2018r11r
0 days 00:00:05.266000,Inactive,2018r12r
0 days 00:06:57.186000,Started,2018r12r
0 days 01:44:13.805000,Finished,2018r12r
0 days 01:47:15.167000,Finalised,2018r12r
0 days 01:48:19.399000,Ends,2018r12r
0 days 00:00:05.078000,Inactive,2018r13r
0 days 00:18:34.162000,Started,2018r13r
0 days 01:42:08.870000,Finished,2018r13r
0 days 01:45:55.260000,Finalised,2018r13r
0 days 01:50:45.949000,Ends,2018r13r
0 days 00:00:05.816000,Inactive,2018r14r
0 days 00:18:30.135000,Started,2018r14r
0 days 01:35:24.853000,Finished,2018r14r
0 days 01:39:50.616000,Finalised,2018r14r
0 days 01:51:45.005000,Ends,2018r14r
0 days 00:00:06.121000,Inactive,2018r15r
0 days 00:18:35.334000,Started,2018r15r
0 days 02:09:47.131000,Finished,2018r15r
0 days 02:12:27.588000,Finalised,2018r15r
0 days 02:21:57.613000,Ends,2018r15r
0 days 00:00:08.249000,Inactive,2018r16r
0 days 00:18:33.680000,Started,2018r16r
0 days 01:45:59.122000,Finished,2018r16r
0 days 01:49:53.371000,Finalised,2018r16r
0 days 02:08:23.716000,Ends,2018r16r
0 days 00:00:06.524000,Inactive,2018r17r
0 days 00:18:31.869000,Started,2018r17r
0 days 01:45:49.151000,Finished,2018r17r
0 days 01:48:27.456000,Finalised,2018r17r
0 days 02:02:20.924000,Ends,2018r17r
0 days 00:00:02.137000,Inactive,2018r18r
0 days 00:33:38.006000,Started,2018r18r
0 days 02:07:56.849000,Finished,2018r18r
0 days 02:11:07.526000,Finalised,2018r18r
0 days 02:20:15.782000,Ends,2018r18r
0 days 00:00:05.668000,Inactive,2018r19r
0 days 00:32:58.703000,Started,2018r19r
0 days 02:11:27.752000,Finished,2018r19r
0 days 02:17:35.869000,Finalised,2018r19r
0 days 02:18:49.277000,Ends,2018r19r
0 days 00:00:06.810000,Inactive,2018r20r
0 days 00:33:23.305000,Started,2018r20r
0 days 02:00:32.600000,Finished,2018r20r
0 days 02:04:41.982000,Finalised,2018r20r
0 days 02:18:21.227000,Ends,2018r20r
0 days 00:00:03.450000,Inactive,2018r21r
0 days 00:33:34.462000,Started,2018r21r
0 days 02:13:15.043000,Finished,2018r21r
0 days 02:16:58.827000,Finalised,2018r21r
0 days 02:32:54.182000,Ends,2018r21r
0 days 00:00:06.232000,Inactive,2019r1r
0 days 00:33:32.727000,Started,2019r1r
0 days 01:59:00.666000,Finished,2019r1r
0 days 02:01:38.854000,Finalised,2019r1r
0 days 02:01:39.292000,Ends,2019r1r
0 days 00:00:04.657000,Inactive,2019r2r
0 days 00:33:31.386000,Started,2019r2r
0 days 02:07:52.958000,Finished,2019r2r
0 days 02:09:27.321000,Finalised,2019r2r
0 days 02:19:59.761000,Ends,2019r2r
0 days 00:00:04.843000,Inactive,2019r3r
0 days 00:33:27.137000,Started,2019r3r
0 days 02:05:34.121000,Finished,2019r3r
0 days 02:07:24.589000,Finalised,2019r3r
0 days 02:27:10.988000,Ends,2019r3r
0 days 00:00:09.673000,Inactive,2019r4r
0 days 00:33:37.411000,Started,2019r4r
0 days 02:05:30.615000,Finished,2019r4r
0 days 02:08:54.620000,Finalised,2019r4r
0 days 02:12:10.482000,Ends,2019r4r
0 days 00:00:10.961000,Inactive,2019r5r
0 days 00:33:06.785000,Started,2019r5r
0 days 02:08:57.480000,Finished,2019r5r
0 days 02:11:16.762000,Finalised,2019r5r
0 days 02:14:18.131000,Ends,2019r5r
0 days 00:00:07.816000,Inactive,2019r6r
0 days 00:32:45.521000,Started,2019r6r
0 days 02:16:14.215000,Finished,2019r6r
0 days 02:19:42.722000,Finalised,2019r6r
0 days 02:19:44.293000,Ends,2019r6r
0 days 00:00:06.230000,Inactive,2019r7r
0 days 00:33:04.006000,Started,2019r7r
0 days 02:02:10.132000,Finished,2019r7r
0 days 02:05:55.627000,Finalised,2019r7r
0 days 02:05:55.627000,Ends,2019r7r
0 days 00:00:06.301000,Inactive,2019r8r
0 days 00:33:25.039000,Started,2019r8r
0 days 01:57:56.476000,Finished,2019r8r
0 days 02:00:51.752000,Finalised,2019r8r
0 days 02:01:15.271000,Ends,2019r8r
0 days 00:00:07.111000,Inactive,2019r9r
0 days 00:32:52.408000,Started,2019r9r
0 days 01:54:54.442000,Finished,2019r9r
0 days 01:57:58.459000,Finalised,2019r9r
0 days 01:57:59.411000,Ends,2019r9r
0 days 00:00:05.594000,Inactive,2019r10r
0 days 00:33:08.644000,Started,2019r10r
0 days 01:54:17.311000,Finished,2019r10r
0 days 01:57:34.042000,Finalised,2019r10r
0 days 01:57:34.042000,Ends,2019r10r
0 days 00:00:06.778000,Inactive,2019r11r
0 days 00:39:58.698000,Started,2019r11r
0 days 02:24:30.234000,Finished,2019r11r
0 days 02:26:47.039000,Finalised,2019r11r
0 days 02:28:38.802000,Ends,2019r11r
0 days 00:00:06.574000,Inactive,2019r12r
0 days 00:32:49.099000,Started,2019r12r
0 days 02:07:53.153000,Finished,2019r12r
0 days 02:10:26.846000,Finalised,2019r12r
0 days 02:13:49.810000,Ends,2019r12r
0 days 00:00:10.248000,Inactive,2019r13r
0 days 00:33:26.693000,Started,2019r13r
0 days 01:57:12.665000,Finished,2019r13r
0 days 02:00:05.671000,Finalised,2019r13r
0 days 02:05:08.029000,Ends,2019r13r
0 days 00:00:05.314000,Inactive,2019r14r
0 days 00:33:20.098000,Started,2019r14r
0 days 01:48:47.049000,Finished,2019r14r
0 days 01:51:29.802000,Finalised,2019r14r
0 days 01:51:31.689000,Ends,2019r14r
0 days 00:00:05.070000,Inactive,2019r15r
0 days 00:33:40.429000,Started,2019r15r
0 days 02:32:14.475000,Finished,2019r15r
0 days 02:34:58.820000,Finalised,2019r15r
0 days 02:40:39.676000,Ends,2019r15r
0 days 00:00:09.345000,Inactive,2019r16r
0 days 00:33:27.500000,Started,2019r16r
0 days 02:07:06.992000,Finished,2019r16r
0 days 02:10:51.956000,Finalised,2019r16r
0 days 02:10:51.956000,Ends,2019r16r
0 days 00:00:07.692000,Inactive,2019r17r
0 days 00:33:33.441000,Started,2019r17r
0 days 01:56:55.337000,Finished,2019r17r
0 days 02:04:13.857000,Finalised,2019r17r
0 days 02:17:39.861000,Ends,2019r17r
0 days 00:00:06.837000,Inactive,2019r18r
0 days 00:33:01.144000,Started,2019r18r
0 days 02:09:50.250000,Finished,2019r18r
0 days 02:12:12.407000,Finalised,2019r18r
0 days 02:16:25.214000,Ends,2019r18r
0 days 00:00:06.729000,Inactive,2019r19r
0 days 00:33:23.612000,Started,2019r19r
0 days 02:07:19.483000,Finished,2019r19r
0 days 02:11:20.203000,Finalised,2019r19r
0 days 02:13:52.348000,Ends,2019r19r
0 days 00:00:03.318000,Inactive,2019r20r
0 days 00:32:59.284000,Started,2019r20r
0 days 02:06:14.170000,Finished,2019r20r
0 days 02:11:26.417000,Finalised,2019r20r
0 days 02:15:31.583000,Ends,2019r20r
0 days 00:00:08.783000,Inactive,2019r21r
0 days 00:33:31.194000,Started,2019r21r
0 days 02:07:37.081000,Finished,2019r21r
0 days 02:13:06.727000,Finalised,2019r21r
0 days 02:13:07.099000,Ends,2019r21r
0 days 00:00:08.013000,Inactive,2020r1r
0 days 00:32:47.006000,Started,2020r1r
0 days 02:03:42.992000,Finished,2020r1r
0 days 02:07:24.018000,Finalised,2020r1r
0 days 02:07:24.411000,Ends,2020r1r
0 days 00:00:05.334000,Inactive,2020r2r
0 days 00:32:48.804000,Started,2020r2r
0 days 01:55:39.732000,Finished,2020r2r
0 days 01:59:36.734000,Finalised,2020r2r
0 days 02:01:27.602000,Ends,2020r2r
0 days 00:00:06.183000,Inactive,2020r3r
0 days 00:32:57.486000,Started,2020r3r
0 days 02:09:10.199000,Finished,2020r3r
0 days 02:13:06.367000,Finalised,2020r3r
0 days 02:13:06.367000,Ends,2020r3r
0 days 00:00:06.315000,Inactive,2020r4r
0 days 00:33:22.751000,Started,2020r4r
0 days 02:01:24.178000,Finished,2020r4r
0 days 02:08:07.042000,Finalised,2020r4r
0 days 02:08:07.042000,Ends,2020r4r
0 days 00:00:05.385000,Inactive,2020r5r
0 days 00:33:17.072000,Started,2020r5r
0 days 01:52:59.269000,Finished,2020r5r
0 days 01:55:55.036000,Finalised,2020r5r
0 days 01:55:55.036000,Ends,2020r5r
0 days 00:00:05.475000,Inactive,2020r6r
0 days 00:33:17.322000,Started,2020r6r
0 days 02:05:02.824000,Finished,2020r6r
0 days 02:09:31.477000,Finalised,2020r6r
0 days 02:09:31.477000,Ends,2020r6r
0 days 00:00:05.991000,Inactive,2020r7r
0 days 00:33:41.719000,Started,2020r7r
0 days 01:57:50.711000,Finished,2020r7r
0 days 02:01:17.638000,Finalised,2020r7r
0 days 02:01:26.251000,Ends,2020r7r
0 days 00:00:07.566000,Inactive,2020r8r
0 days 00:33:28.079000,Started,2020r8r
0 days 01:13:02.096000,Aborted,2020r8r
0 days 01:39:59.929000,Started,2020r8r
0 days 02:20:34.351000,Finished,2020r8r
0 days 02:23:28.865000,Finalised,2020r8r
0 days 02:23:28.865000,Ends,2020r8r
0 days 00:00:06.950000,Inactive,2020r9r
0 days 00:33:25.335000,Started,2020r9r
0 days 00:49:34.257000,Aborted,2020r9r
0 days 01:15:00.042000,Started,2020r9r
0 days 02:09:44.274000,Aborted,2020r9r
0 days 02:32:00.029000,Started,2020r9r
0 days 02:53:00.577000,Finished,2020r9r
0 days 02:56:13.852000,Finalised,2020r9r
0 days 02:56:13.852000,Ends,2020r9r
0 days 00:00:05.535000,Inactive,2020r10r
0 days 00:33:33.451000,Started,2020r10r
0 days 02:07:34.006000,Finished,2020r10r
0 days 02:11:56.692000,Finalised,2020r10r
0 days 02:13:03.376000,Ends,2020r10r
0 days 00:00:07.171000,Started,2020r11r
0 days 01:35:49.934000,Finished,2020r11r
0 days 01:37:32.848000,Finalised,2020r11r
0 days 01:37:33.097000,Ends,2020r11r
0 days 00:00:06.627000,Inactive,2020r12r
0 days 00:33:09.808000,Started,2020r12r
0 days 02:03:06.828000,Finished,2020r12r
0 days 02:07:34.054000,Finalised,2020r12r
0 days 02:07:34.054000,Ends,2020r12r
0 days 00:00:06.382000,Inactive,2020r13r
0 days 00:33:10.426000,Started,2020r13r
0 days 02:01:43.109000,Finished,2020r13r
0 days 02:06:45.010000,Finalised,2020r13r
0 days 02:06:45.010000,Ends,2020r13r
0 days 00:00:10.380000,Inactive,2020r14r
0 days 00:33:26.325000,Started,2020r14r
0 days 02:15:45.851000,Finished,2020r14r
0 days 02:18:58.788000,Finalised,2020r14r
0 days 02:20:19.473000,Ends,2020r14r
0 days 00:00:10.032000,Inactive,2020r15r
0 days 00:33:36.921000,Started,2020r15r
0 days 00:34:51.059000,Aborted,2020r15r
0 days 01:55:00.402000,Started,2020r15r
0 days 03:33:24.643000,Finished,2020r15r
0 days 03:36:32.678000,Finalised,2020r15r
0 days 03:39:01.946000,Ends,2020r15r
0 days 00:00:07.989000,Inactive,2020r16r
0 days 00:32:43.624000,Started,2020r16r
0 days 02:03:59.007000,Finished,2020r16r
0 days 02:06:42.419000,Finalised,2020r16r
0 days 02:06:42.419000,Ends,2020r16r
0 days 00:00:05.371000,Inactive,2020r17r
0 days 00:33:28.601000,Started,2020r17r
0 days 02:09:57.488000,Finished,2020r17r
0 days 02:15:06.248000,Finalised,2020r17r
0 days 02:15:06.248000,Ends,2020r17r
0 days 00:00:07.233000,Inactive,2021r1r
0 days 00:37:09.970000,Started,2021r1r
0 days 02:09:14.114000,Finished,2021r1r
0 days 02:13:05.458000,Finalised,2021r1r
0 days 02:13:05.458000,Ends,2021r1r
0 days 00:00:09.437000,Inactive,2021r2r
0 days 00:33:15.688000,Started,2021r2r
0 days 01:27:40.602000,Aborted,2021r2r
0 days 01:55:00.107000,Started,2021r2r
0 days 02:35:50.505000,Finished,2021r2r
0 days 02:41:18.243000,Finalised,2021r2r
0 days 02:41:18.243000,Ends,2021r2r
0 days 00:00:07.328000,Inactive,2021r3r
0 days 00:33:02.841000,Started,2021r3r
0 days 02:07:34.461000,Finished,2021r3r
0 days 02:13:32.962000,Finalised,2021r3r
0 days 02:13:33.744000,Ends,2021r3r
0 days 00:00:08.664000,Inactive,2021r4r
0 days 00:33:18.087000,Started,2021r4r
0 days 02:06:26.001000,Finished,2021r4r
0 days 02:09:37.914000,Finalised,2021r4r
0 days 02:09:38.695000,Ends,2021r4r
0 days 00:00:04.149000,Inactive,2021r5r
0 days 00:32:54.677000,Started,2021r5r
0 days 02:11:51.692000,Finished,2021r5r
0 days 02:15:10.695000,Finalised,2021r5r
0 days 02:15:10.695000,Ends,2021r5r
0 days 00:00:07.778000,Inactive,2021r6r
0 days 00:33:59.522000,Started,2021r6r
0 days 02:06:03.087000,Aborted,2021r6r
0 days 02:40:00.166000,Started,2021r6r
0 days 02:47:36.144000,Finished,2021r6r
0 days 02:51:29.361000,Finalised,2021r6r
0 days 02:52:41.670000,Ends,2021r6r
0 days 00:00:07.661000,Inactive,2021r7r
0 days 00:33:26.312000,Started,2021r7r
0 days 02:00:52.283000,Finished,2021r7r
0 days 02:05:02.114000,Finalised,2021r7r
0 days 02:05:03.639000,Ends,2021r7r
0 days 00:00:06.219000,Inactive,2021r8r
0 days 00:33:05.677000,Started,2021r8r
0 days 01:55:24.909000,Finished,2021r8r
0 days 01:58:32.167000,Finalised,2021r8r
0 days 01:58:32.167000,Ends,2021r8r
0 days 00:00:06.394000,Inactive,2021r9r
0 days 01:01:55.477000,Started,2021r9r
0 days 02:25:50.220000,Finished,2021r9r
0 days 02:36:17.524000,Finalised,2021r9r
0 days 02:36:17.524000,Ends,2021r9r
0 days 00:00:04.427000,Inactive,2021r10r
0 days 01:02:22.559000,Started,2021r10r
0 days 01:05:38.712000,Aborted,2021r10r
0 days 01:41:00.104000,Started,2021r10r
0 days 03:00:46.058000,Finished,2021r10r
0 days 03:04:03.484000,Finalised,2021r10r
0 days 03:04:03.484000,Ends,2021r10r
0 days 00:00:09.073000,Inactive,2021r11r
0 days 01:02:12.824000,Started,2021r11r
0 days 01:06:14.981000,Aborted,2021r11r
0 days 01:31:00.096000,Started,2021r11r
0 days 03:06:56.230000,Finished,2021r11r
0 days 03:10:49.843000,Finalised,2021r11r
0 days 03:20:51.986000,Ends,2021r11r
0 days 00:00:04.677000,Inactive,2021r12r
0 days 04:15:59.115000,Started,2021r12r
0 days 04:24:38.553000,Aborted,2021r12r
0 days 04:49:36.887000,Finalised,2021r12r
0 days 04:53:53.567000,Ends,2021r12r
0 days 00:00:05.587000,Inactive,2021r13r
0 days 01:02:08.438000,Started,2021r13r
0 days 02:32:14.049000,Finished,2021r13r
0 days 02:37:44.421000,Finalised,2021r13r
0 days 02:37:44.966000,Ends,2021r13r
0 days 00:00:06.874000,Inactive,2021r14r
0 days 01:02:14.632000,Started,2021r14r
0 days 02:24:09.217000,Finished,2021r14r
0 days 02:28:20.428000,Finalised,2021r14r
0 days 02:28:20.428000,Ends,2021r14r
0 days 00:00:02.196000,Inactive,2021r15r
0 days 01:02:41.933000,Started,2021r15r
0 days 02:33:23.160000,Finished,2021r15r
0 days 02:38:01.087000,Finalised,2021r15r
0 days 02:38:35.588000,Ends,2021r15r
0 days 00:00:05.630000,Inactive,2021r16r
0 days 01:02:21.737000,Started,2021r16r
0 days 02:33:26.072000,Finished,2021r16r
0 days 02:36:48.668000,Finalised,2021r16r
0 days 02:36:50.145000,Ends,2021r16r
0 days 00:00:05.719000,Inactive,2021r17r
0 days 01:02:39.103000,Started,2021r17r
0 days 02:37:15.863000,Finished,2021r17r
0 days 02:41:41.417000,Finalised,2021r17r
0 days 02:41:43.082000,Ends,2021r17r
0 days 00:00:06.232000,Inactive,2021r18r
0 days 01:02:03.441000,Started,2021r18r
0 days 02:40:42.728000,Finished,2021r18r
0 days 02:43:58.701000,Finalised,2021r18r
0 days 02:43:58.701000,Ends,2021r18r
0 days 00:00:07.211000,Inactive,2021r19r
0 days 01:01:51.781000,Started,2021r19r
0 days 02:34:14.855000,Finished,2021r19r
0 days 02:37:34.590000,Finalised,2021r19r
0 days 02:37:34.590000,Ends,2021r19r
0 days 00:00:10.594000,Inactive,2021r20r
0 days 01:02:48.573000,Started,2021r20r
0 days 02:27:17.277000,Finished,2021r20r
0 days 02:32:23.725000,Finalised,2021r20r
0 days 02:32:23.884000,Ends,2021r20r
0 days 00:00:06.686000,Inactive,2021r21r
0 days 01:01:37.514000,Started,2021r21r
0 days 01:24:52.404000,Aborted,2021r21r
0 days 01:42:52.932000,Started,2021r21r
0 days 01:48:22.411000,Aborted,2021r21r
0 days 02:07:52.937000,Started,2021r21r
0 days 03:07:52.946000,Finished,2021r21r
0 days 03:12:39.707000,Finalised,2021r21r
0 days 03:16:34.872000,Ends,2021r21r
0 days 00:00:06.450000,Inactive,2021r22r
0 days 01:02:21.871000,Started,2021r22r
0 days 02:32:39.422000,Finished,2021r22r
0 days 02:36:14.788000,Finalised,2021r22r
0 days 02:36:14.788000,Ends,2021r22r
0 days 00:00:11.406000,Inactive,2022r1r
0 days 01:02:34.872000,Started,2022r1r
0 days 02:40:08.714000,Finished,2022r1r
0 days 02:43:08.491000,Finalised,2022r1r
0 days 02:43:31.107000,Ends,2022r1r
0 days 00:00:05.930000,Inactive,2022r2r
0 days 01:02:27.563000,Started,2022r2r
0 days 02:26:47.055000,Finished,2022r2r
0 days 02:32:34.140000,Finalised,2022r2r
0 days 02:35:03.127000,Ends,2022r2r
0 days 00:00:09.477000,Inactive,2022r3r
0 days 01:02:13.396000,Started,2022r3r
0 days 02:30:00.317000,Finished,2022r3r
0 days 02:36:24.895000,Finalised,2022r3r
0 days 02:46:12.088000,Ends,2022r3r
0 days 00:00:04.032000,Inactive,2022r4r
0 days 01:02:03.225000,Started,2022r4r
0 days 02:34:11.406000,Finished,2022r4r
0 days 02:38:33.128000,Finalised,2022r4r
0 days 02:38:33.128000,Ends,2022r4r
0 days 00:00:05.158000,Inactive,2022r5r
0 days 01:02:16.435000,Started,2022r5r
0 days 02:36:40.098000,Finished,2022r5r
0 days 02:42:20.502000,Finalised,2022r5r
0 days 02:53:32.420000,Ends,2022r5r
0 days 00:00:04.954000,Inactive,2022r6r
0 days 01:02:12.915000,Started,2022r6r
0 days 02:39:33.573000,Finished,2022r6r
0 days 02:43:58.726000,Finalised,2022r6r
0 days 02:54:21.627000,Ends,2022r6r
0 days 00:00:13.842000,Inactive,2022r7r
0 days 02:04:00.206000,Started,2022r7r
0 days 02:54:02.558000,Aborted,2022r7r
0 days 03:14:00.322000,Started,2022r7r
0 days 04:00:30.722000,Finished,2022r7r
0 days 04:04:22.266000,Finalised,2022r7r
0 days 04:04:22.910000,Ends,2022r7r
0 days 00:00:05.964000,Inactive,2022r8r
0 days 01:02:56.466000,Started,2022r8r
0 days 02:37:02.649000,Finished,2022r8r
0 days 02:41:15.947000,Finalised,2022r8r
0 days 02:47:50.504000,Ends,2022r8r
0 days 00:00:12.396000,Inactive,2022r9r
0 days 01:02:13.737000,Started,2022r9r
0 days 02:38:35.733000,Finished,2022r9r
0 days 02:42:25.095000,Finalised,2022r9r
0 days 02:45:24.027000,Ends,2022r9r
0 days 00:00:08.822000,Inactive,2022r10r
0 days 01:02:16.093000,Started,2022r10r
0 days 01:02:37.857000,Aborted,2022r10r
0 days 01:55:00.091000,Started,2022r10r
0 days 03:20:06.587000,Finished,2022r10r
0 days 03:23:19.140000,Finalised,2022r10r
0 days 03:28:25.525000,Ends,2022r10r
0 days 00:00:08.046000,Inactive,2022r11r
0 days 01:02:13.798000,Started,2022r11r
0 days 02:26:38.367000,Finished,2022r11r
0 days 02:31:27.396000,Finalised,2022r11r
0 days 02:31:27.396000,Ends,2022r11r
0 days 00:08:28.271000,Inactive,2022r12r
0 days 00:42:40.279000,Started,2022r12r
0 days 02:12:42.644000,Finished,2022r12r
0 days 02:16:35.261000,Finalised,2022r12r
0 days 02:25:09.159000,Ends,2022r12r
0 days 00:00:05.059000,Inactive,2022r13r
0 days 01:02:05.807000,Started,2022r13r
0 days 02:41:41.941000,Finished,2022r13r
0 days 02:46:42.467000,Finalised,2022r13r
0 days 02:51:22.728000,Ends,2022r13r
0 days 00:00:05.327000,Inactive,2022r14r
0 days 01:02:44.500000,Started,2022r14r
0 days 02:28:37.591000,Finished,2022r14r
0 days 02:35:56.383000,Finalised,2022r14r
0 days 02:45:51.194000,Ends,2022r14r
0 days 00:00:03.470000,Inactive,2022r15r
0 days 01:01:56.649000,Started,2022r15r
0 days 02:38:39.627000,Finished,2022r15r
0 days 02:42:31.569000,Finalised,2022r15r
0 days 02:42:31.569000,Ends,2022r15r
0 days 00:00:05.393000,Inactive,2022r16r
0 days 01:02:28.137000,Started,2022r16r
0 days 02:22:55.859000,Finished,2022r16r
0 days 02:26:42.980000,Finalised,2022r16r
0 days 02:26:45.148000,Ends,2022r16r
0 days 00:00:09.283000,Inactive,2022r17r
0 days 02:07:56.483000,Started,2022r17r
0 days 04:10:11.950000,Finished,2022r17r
0 days 04:14:33.985000,Finalised,2022r17r
0 days 04:33:38.173000,Ends,2022r17r
0 days 00:00:01.983000,Inactive,2022r18r
0 days 01:02:35.625000,Started,2022r18r
0 days 01:07:12.481000,Aborted,2022r18r
0 days 03:14:00.147000,Started,2022r18r
0 days 04:04:19.984000,Finished,2022r18r
0 days 04:15:06.423000,Finalised,2022r18r
0 days 04:15:06.423000,Ends,2022r18r
0 days 00:00:06.036000,Inactive,2022r19r
0 days 01:02:40.170000,Started,2022r19r
0 days 02:44:52.078000,Finished,2022r19r
0 days 02:50:02.713000,Finalised,2022r19r
0 days 03:07:43.637000,Ends,2022r19r
0 days 00:00:05.422000,Inactive,2022r20r
0 days 01:02:06.736000,Started,2022r20r
0 days 02:40:43.657000,Finished,2022r20r
0 days 02:44:40.899000,Finalised,2022r20r
0 days 02:44:40.899000,Ends,2022r20r
0 days 00:00:06.821000,Inactive,2022r21r
0 days 01:01:46.277000,Started,2022r21r
0 days 02:40:20.535000,Finished,2022r21r
0 days 02:46:57.193000,Finalised,2022r21r
0 days 02:46:57.193000,Ends,2022r21r
0 days 00:00:02.635000,Inactive,2022r22r
0 days 01:02:10.161000,Started,2022r22r
0 days 02:29:56.245000,Finished,2022r22r
0 days 02:34:32.429000,Finalised,2022r22r
0 days 02:34:32.429000,Ends,2022r22r
