Time,Status,Message,raceId
0 days 00:14:47.534000,2,Yellow,2018r1r
0 days 00:14:54.676000,1,AllClear,2018r1r
0 days 00:14:55.424000,2,Yellow,2018r1r
0 days 00:17:32.340000,1,AllClear,2018r1r
0 days 00:21:00.464000,2,Yellow,2018r1r
0 days 00:21:02.731000,1,AllClear,2018r1r
0 days 00:41:39.694000,2,Yellow,2018r1r
0 days 00:41:54.199000,1,AllClear,2018r1r
0 days 00:42:09.798000,2,Yellow,2018r1r
0 days 00:43:06.320000,1,AllClear,2018r1r
0 days 00:44:01.324000,2,Yellow,2018r1r
0 days 00:44:59.666000,6,VSCDeployed,2018r1r
0 days 00:49:00.615000,4,SCDeployed,2018r1r
0 days 00:57:11.990000,1,AllClear,2018r1r
0 days 00:08:08.643000,2,Yellow,2018r2r
0 days 00:08:14.695000,1,AllClear,2018r2r
0 days 00:08:26.014000,2,Yellow,2018r2r
0 days 00:08:51.074000,1,AllClear,2018r2r
0 days 00:09:57.697000,2,Yellow,2018r2r
0 days 00:10:24.916000,1,AllClear,2018r2r
0 days 00:10:32.280000,2,Yellow,2018r2r
0 days 00:10:41.473000,6,VSCDeployed,2018r2r
0 days 00:14:18.149000,7,VSCEnding,2018r2r
0 days 00:14:28.726000,1,AllClear,2018r2r
0 days 00:16:12.118000,2,Yellow,2018r2r
0 days 00:16:52.560000,1,AllClear,2018r2r
0 days 00:16:54.296000,2,Yellow,2018r2r
0 days 00:17:03.081000,1,AllClear,2018r2r
0 days 00:24:49.514000,2,Yellow,2018r2r
0 days 00:25:07.399000,1,AllClear,2018r2r
0 days 00:51:26.333000,2,Yellow,2018r2r
0 days 00:51:37.393000,1,AllClear,2018r2r
0 days 01:12:30.099000,2,Yellow,2018r2r
0 days 01:12:43.186000,1,AllClear,2018r2r
0 days 00:56:48.669000,2,Yellow,2018r3r
0 days 00:56:55.543000,1,AllClear,2018r3r
0 days 00:56:56.675000,2,Yellow,2018r3r
0 days 00:57:01.660000,1,AllClear,2018r3r
0 days 00:58:51.111000,4,SCDeployed,2018r3r
0 days 01:08:59.294000,1,AllClear,2018r3r
0 days 01:22:07.472000,2,Yellow,2018r3r
0 days 01:22:15.100000,1,AllClear,2018r3r
0 days 00:08:08.035000,2,Yellow,2018r4r
0 days 00:08:31.311000,4,SCDeployed,2018r4r
0 days 00:20:55.542000,1,AllClear,2018r4r
0 days 00:29:45.887000,2,Yellow,2018r4r
0 days 00:29:57.038000,1,AllClear,2018r4r
0 days 00:31:56.943000,2,Yellow,2018r4r
0 days 00:32:11.113000,1,AllClear,2018r4r
0 days 00:38:24.721000,2,Yellow,2018r4r
0 days 00:39:20.846000,1,AllClear,2018r4r
0 days 00:39:21.089000,2,Yellow,2018r4r
0 days 00:39:24.030000,1,AllClear,2018r4r
0 days 00:44:33.894000,2,Yellow,2018r4r
0 days 00:44:46.392000,1,AllClear,2018r4r
0 days 00:48:45.019000,2,Yellow,2018r4r
0 days 00:48:56.143000,1,AllClear,2018r4r
0 days 01:23:08.659000,2,Yellow,2018r4r
0 days 01:23:50.402000,4,SCDeployed,2018r4r
0 days 01:44:03.406000,1,AllClear,2018r4r
0 days 01:46:30.618000,2,Yellow,2018r4r
0 days 01:46:34.249000,1,AllClear,2018r4r
0 days 01:46:44.106000,2,Yellow,2018r4r
0 days 01:47:59.907000,1,AllClear,2018r4r
0 days 00:07:38.778000,2,Yellow,2018r5r
0 days 00:07:45.735000,4,SCDeployed,2018r5r
0 days 00:20:01.446000,1,AllClear,2018r5r
0 days 01:06:31.369000,2,Yellow,2018r5r
0 days 01:07:06.365000,6,VSCDeployed,2018r5r
0 days 01:10:26.389000,7,VSCEnding,2018r5r
0 days 01:10:40.273000,1,AllClear,2018r5r
0 days 01:10:45.365000,2,Yellow,2018r5r
0 days 01:10:53.057000,1,AllClear,2018r5r
0 days 00:07:26.615000,2,Yellow,2018r6r
0 days 00:08:23.728000,1,AllClear,2018r6r
0 days 00:23:43.859000,2,Yellow,2018r6r
0 days 00:23:52.390000,1,AllClear,2018r6r
0 days 01:16:03.406000,2,Yellow,2018r6r
0 days 01:17:08.918000,1,AllClear,2018r6r
0 days 01:40:35.410000,2,Yellow,2018r6r
0 days 01:41:19.432000,6,VSCDeployed,2018r6r
0 days 01:43:22.924000,7,VSCEnding,2018r6r
0 days 01:43:34.712000,1,AllClear,2018r6r
0 days 00:07:29.041000,2,Yellow,2018r7r
0 days 00:07:42.541000,4,SCDeployed,2018r7r
0 days 00:14:35.528000,1,AllClear,2018r7r
0 days 01:39:03.793000,2,Yellow,2018r7r
0 days 01:39:07.326000,1,AllClear,2018r7r
0 days 01:39:09.347000,2,Yellow,2018r7r
0 days 01:39:18.240000,1,AllClear,2018r7r
0 days 01:39:31.886000,2,Yellow,2018r7r
0 days 01:39:35.425000,1,AllClear,2018r7r
0 days 00:07:41.290000,2,Yellow,2018r8r
0 days 00:07:46.439000,1,AllClear,2018r8r
0 days 00:07:54.649000,2,Yellow,2018r8r
0 days 00:08:13.781000,4,SCDeployed,2018r8r
0 days 00:19:28.652000,1,AllClear,2018r8r
0 days 00:20:07.542000,2,Yellow,2018r8r
0 days 00:20:14.784000,1,AllClear,2018r8r
0 days 01:32:22.447000,2,Yellow,2018r8r
0 days 01:33:48.044000,6,VSCDeployed,2018r8r
0 days 01:36:11.850000,7,VSCEnding,2018r8r
0 days 01:36:24.477000,1,AllClear,2018r8r
0 days 01:36:26.822000,2,Yellow,2018r8r
0 days 01:41:57.006000,1,AllClear,2018r8r
0 days 00:08:50.939000,2,Yellow,2018r9r
0 days 00:08:59.637000,1,AllClear,2018r9r
0 days 00:20:11.925000,2,Yellow,2018r9r
0 days 00:20:24.836000,1,AllClear,2018r9r
0 days 00:20:29.649000,2,Yellow,2018r9r
0 days 00:20:58.721000,1,AllClear,2018r9r
0 days 00:22:53.051000,2,Yellow,2018r9r
0 days 00:23:23.891000,6,VSCDeployed,2018r9r
0 days 00:25:17.153000,7,VSCEnding,2018r9r
0 days 00:25:27.155000,1,AllClear,2018r9r
0 days 01:09:04.645000,2,Yellow,2018r9r
0 days 01:10:36.446000,1,AllClear,2018r9r
0 days 01:10:50.645000,2,Yellow,2018r9r
0 days 01:10:52.201000,1,AllClear,2018r9r
0 days 01:10:53.447000,2,Yellow,2018r9r
0 days 01:11:14.290000,1,AllClear,2018r9r
0 days 01:11:59.724000,2,Yellow,2018r9r
0 days 01:12:51.103000,1,AllClear,2018r9r
0 days 01:19:26.932000,2,Yellow,2018r9r
0 days 01:19:30.706000,1,AllClear,2018r9r
0 days 01:20:22.350000,2,Yellow,2018r9r
0 days 01:21:13.115000,1,AllClear,2018r9r
0 days 01:29:56.639000,2,Yellow,2018r9r
0 days 01:30:14.550000,1,AllClear,2018r9r
0 days 00:07:30.107000,2,Yellow,2018r10r
0 days 00:07:47.894000,1,AllClear,2018r10r
0 days 00:08:11.625000,2,Yellow,2018r10r
0 days 00:08:53.427000,1,AllClear,2018r10r
0 days 00:09:55.014000,2,Yellow,2018r10r
0 days 00:10:15.054000,1,AllClear,2018r10r
0 days 00:11:20.502000,2,Yellow,2018r10r
0 days 00:11:30.829000,1,AllClear,2018r10r
0 days 00:36:41.432000,2,Yellow,2018r10r
0 days 00:36:51.567000,1,AllClear,2018r10r
0 days 00:37:25.655000,2,Yellow,2018r10r
0 days 00:39:17.571000,1,AllClear,2018r10r
0 days 00:57:19.348000,2,Yellow,2018r10r
0 days 00:58:03.901000,4,SCDeployed,2018r10r
0 days 01:08:53.708000,1,AllClear,2018r10r
0 days 01:10:08.354000,2,Yellow,2018r10r
0 days 01:10:38.959000,4,SCDeployed,2018r10r
0 days 01:17:41.064000,1,AllClear,2018r10r
0 days 01:25:38.313000,2,Yellow,2018r10r
0 days 01:25:44.361000,1,AllClear,2018r10r
0 days 01:27:11.253000,2,Yellow,2018r10r
0 days 01:27:35.928000,1,AllClear,2018r10r
0 days 00:44:03.011000,2,Yellow,2018r11r
0 days 00:45:27.208000,1,AllClear,2018r11r
0 days 01:09:39.076000,2,Yellow,2018r11r
0 days 01:09:51.155000,1,AllClear,2018r11r
0 days 01:11:19.205000,2,Yellow,2018r11r
0 days 01:11:20.843000,1,AllClear,2018r11r
0 days 01:13:45.667000,2,Yellow,2018r11r
0 days 01:13:56.558000,1,AllClear,2018r11r
0 days 01:14:50.284000,2,Yellow,2018r11r
0 days 01:15:05.199000,1,AllClear,2018r11r
0 days 01:15:27.833000,2,Yellow,2018r11r
0 days 01:15:43.951000,4,SCDeployed,2018r11r
0 days 01:26:35.450000,1,AllClear,2018r11r
0 days 00:15:04.279000,2,Yellow,2018r12r
0 days 00:15:14.559000,6,VSCDeployed,2018r12r
0 days 00:16:02.173000,7,VSCEnding,2018r12r
0 days 00:16:16.333000,1,AllClear,2018r12r
0 days 01:17:28.040000,2,Yellow,2018r12r
0 days 01:17:35.690000,6,VSCDeployed,2018r12r
0 days 01:18:47.016000,7,VSCEnding,2018r12r
0 days 01:19:01.500000,1,AllClear,2018r12r
0 days 00:00:00,1,AllClear,2018r13r
0 days 00:14:48.834000,2,Yellow,2018r13r
0 days 00:14:50.817000,1,AllClear,2018r13r
0 days 00:18:44.585000,2,Yellow,2018r13r
0 days 00:19:13.527000,4,SCDeployed,2018r13r
0 days 00:29:34.490000,1,AllClear,2018r13r
0 days 01:42:18.720000,2,Yellow,2018r13r
0 days 01:45:13.546000,1,AllClear,2018r13r
0 days 00:00:00,1,AllClear,2018r14r
0 days 00:18:55.262000,2,Yellow,2018r14r
0 days 00:19:37.098000,6,VSCDeployed,2018r14r
0 days 00:20:49.389000,7,VSCEnding,2018r14r
0 days 00:22:37.098000,4,SCDeployed,2018r14r
0 days 00:24:40.762000,1,AllClear,2018r14r
0 days 00:54:24.938000,2,Yellow,2018r14r
0 days 00:56:49.323000,1,AllClear,2018r14r
0 days 00:07:50.402000,1,AllClear,2018r15r
0 days 00:18:58.280000,2,Yellow,2018r15r
0 days 00:19:09.767000,4,SCDeployed,2018r15r
0 days 00:28:57.272000,1,AllClear,2018r15r
0 days 00:00:00,1,AllClear,2018r16r
0 days 00:19:12.622000,2,Yellow,2018r16r
0 days 00:19:30.434000,1,AllClear,2018r16r
0 days 00:19:47.345000,2,Yellow,2018r16r
0 days 00:20:05.237000,1,AllClear,2018r16r
0 days 00:24:34.322000,2,Yellow,2018r16r
0 days 00:24:44.044000,1,AllClear,2018r16r
0 days 00:24:46.876000,2,Yellow,2018r16r
0 days 00:24:48.184000,1,AllClear,2018r16r
0 days 00:07:18.242000,1,AllClear,2018r17r
0 days 00:23:40.758000,4,SCDeployed,2018r17r
0 days 00:32:40.378000,1,AllClear,2018r17r
0 days 00:34:00.280000,2,Yellow,2018r17r
0 days 00:34:17.552000,1,AllClear,2018r17r
0 days 01:24:37.502000,2,Yellow,2018r17r
0 days 01:24:44.109000,1,AllClear,2018r17r
0 days 01:25:16.445000,2,Yellow,2018r17r
0 days 01:26:07.512000,6,VSCDeployed,2018r17r
0 days 01:27:08.858000,7,VSCEnding,2018r17r
0 days 01:27:19.093000,1,AllClear,2018r17r
0 days 00:07:15.932000,1,AllClear,2018r18r
0 days 00:34:13.429000,2,Yellow,2018r18r
0 days 00:34:31.993000,1,AllClear,2018r18r
0 days 00:34:48.262000,2,Yellow,2018r18r
0 days 00:35:04.962000,1,AllClear,2018r18r
0 days 00:38:06.453000,2,Yellow,2018r18r
0 days 00:38:16.838000,1,AllClear,2018r18r
0 days 00:48:09.923000,2,Yellow,2018r18r
0 days 00:48:10.804000,1,AllClear,2018r18r
0 days 00:48:11.032000,2,Yellow,2018r18r
0 days 00:48:25.059000,1,AllClear,2018r18r
0 days 00:48:36.446000,2,Yellow,2018r18r
0 days 00:50:23.873000,6,VSCDeployed,2018r18r
0 days 00:53:07.612000,7,VSCEnding,2018r18r
0 days 00:53:22.469000,1,AllClear,2018r18r
0 days 00:05:20.880000,1,AllClear,2018r19r
0 days 00:38:30.932000,2,Yellow,2018r19r
0 days 00:38:48.936000,1,AllClear,2018r19r
0 days 00:38:53.651000,2,Yellow,2018r19r
0 days 00:38:58.567000,6,VSCDeployed,2018r19r
0 days 00:39:55.469000,7,VSCEnding,2018r19r
0 days 00:40:06.874000,1,AllClear,2018r19r
0 days 01:14:15.429000,2,Yellow,2018r19r
0 days 01:14:41.480000,6,VSCDeployed,2018r19r
0 days 01:17:37.957000,7,VSCEnding,2018r19r
0 days 01:17:50.261000,1,AllClear,2018r19r
0 days 01:57:58.372000,2,Yellow,2018r19r
0 days 01:58:13.123000,6,VSCDeployed,2018r19r
0 days 02:00:43.030000,7,VSCEnding,2018r19r
0 days 02:00:57.466000,1,AllClear,2018r19r
0 days 00:10:26.889000,1,AllClear,2018r20r
0 days 00:58:44.871000,2,Yellow,2018r20r
0 days 00:58:46.189000,1,AllClear,2018r20r
0 days 00:58:50.036000,2,Yellow,2018r20r
0 days 00:58:55.932000,1,AllClear,2018r20r
0 days 01:26:58.826000,2,Yellow,2018r20r
0 days 01:27:11.053000,1,AllClear,2018r20r
0 days 00:14:50.789000,1,AllClear,2018r21r
0 days 00:34:34.281000,2,Yellow,2018r21r
0 days 00:34:38.530000,4,SCDeployed,2018r21r
0 days 00:43:48.619000,1,AllClear,2018r21r
0 days 00:47:51.675000,2,Yellow,2018r21r
0 days 00:48:04.656000,6,VSCDeployed,2018r21r
0 days 00:51:21.870000,7,VSCEnding,2018r21r
0 days 00:51:34.104000,1,AllClear,2018r21r
0 days 02:01:04.848000,2,Yellow,2018r21r
0 days 02:01:34.561000,1,AllClear,2018r21r
0 days 02:01:36.124000,2,Yellow,2018r21r
0 days 02:03:00.479000,1,AllClear,2018r21r
0 days 02:14:57.626000,2,Yellow,2018r21r
0 days 02:15:13.561000,1,AllClear,2018r21r
0 days 00:00:00,1,AllClear,2019r1r
0 days 00:34:07.225000,2,Yellow,2019r1r
0 days 00:34:50.255000,1,AllClear,2019r1r
0 days 01:19:15.470000,2,Yellow,2019r1r
0 days 01:19:24.296000,1,AllClear,2019r1r
0 days 00:11:35.413000,1,AllClear,2019r2r
0 days 00:11:35.413000,2,Yellow,2019r2r
0 days 00:11:35.413000,1,AllClear,2019r2r
0 days 00:34:13.604000,2,Yellow,2019r2r
0 days 00:34:15.208000,1,AllClear,2019r2r
0 days 00:34:21.300000,2,Yellow,2019r2r
0 days 00:34:23.498000,1,AllClear,2019r2r
0 days 00:34:41.968000,2,Yellow,2019r2r
0 days 00:34:47.654000,1,AllClear,2019r2r
0 days 00:34:57.343000,2,Yellow,2019r2r
0 days 00:35:15.885000,1,AllClear,2019r2r
0 days 00:36:00.703000,2,Yellow,2019r2r
0 days 00:36:04.956000,1,AllClear,2019r2r
0 days 00:39:02.300000,2,Yellow,2019r2r
0 days 00:39:17.245000,1,AllClear,2019r2r
0 days 00:42:29.779000,2,Yellow,2019r2r
0 days 00:42:37.415000,1,AllClear,2019r2r
0 days 00:52:59.771000,2,Yellow,2019r2r
0 days 00:53:09.611000,1,AllClear,2019r2r
0 days 01:34:27.384000,2,Yellow,2019r2r
0 days 01:34:37.647000,1,AllClear,2019r2r
0 days 01:38:46.084000,2,Yellow,2019r2r
0 days 01:38:54.802000,1,AllClear,2019r2r
0 days 01:42:50.190000,2,Yellow,2019r2r
0 days 01:42:58.341000,1,AllClear,2019r2r
0 days 02:00:47.445000,2,Yellow,2019r2r
0 days 02:02:15.423000,4,SCDeployed,2019r2r
0 days 00:02:12.673000,1,AllClear,2019r3r
0 days 00:34:16.094000,2,Yellow,2019r3r
0 days 00:34:21.312000,1,AllClear,2019r3r
0 days 00:34:52.298000,6,VSCDeployed,2019r3r
0 days 00:35:43.635000,7,VSCEnding,2019r3r
0 days 00:35:55.890000,1,AllClear,2019r3r
0 days 00:00:00,1,AllClear,2019r4r
0 days 00:01:22.039000,2,Yellow,2019r4r
0 days 00:01:26.109000,1,AllClear,2019r4r
0 days 00:01:30.027000,2,Yellow,2019r4r
0 days 00:02:56.309000,1,AllClear,2019r4r
0 days 00:08:19.127000,2,Yellow,2019r4r
0 days 00:08:42.220000,1,AllClear,2019r4r
0 days 00:09:00.023000,2,Yellow,2019r4r
0 days 00:09:03.208000,1,AllClear,2019r4r
0 days 00:29:00.646000,2,Yellow,2019r4r
0 days 00:29:10.240000,1,AllClear,2019r4r
0 days 01:29:17.788000,2,Yellow,2019r4r
0 days 01:30:06.538000,1,AllClear,2019r4r
0 days 01:32:14.820000,2,Yellow,2019r4r
0 days 01:32:24.573000,1,AllClear,2019r4r
0 days 01:43:24.755000,2,Yellow,2019r4r
0 days 01:43:44.117000,6,VSCDeployed,2019r4r
0 days 01:46:55.319000,7,VSCEnding,2019r4r
0 days 01:47:09.895000,1,AllClear,2019r4r
0 days 00:11:56.307000,1,AllClear,2019r5r
0 days 00:21:29.417000,2,Yellow,2019r5r
0 days 00:21:34.798000,1,AllClear,2019r5r
0 days 00:33:44.426000,2,Yellow,2019r5r
0 days 00:33:52.697000,1,AllClear,2019r5r
0 days 01:35:42.720000,2,Yellow,2019r5r
0 days 01:36:08.106000,4,SCDeployed,2019r5r
0 days 01:50:14.665000,1,AllClear,2019r5r
0 days 00:04:42.136000,1,AllClear,2019r6r
0 days 00:24:57.650000,2,Yellow,2019r6r
0 days 00:25:03.853000,1,AllClear,2019r6r
0 days 00:25:09.482000,2,Yellow,2019r6r
0 days 00:25:18.636000,1,AllClear,2019r6r
0 days 00:25:31.865000,2,Yellow,2019r6r
0 days 00:25:38.079000,1,AllClear,2019r6r
0 days 00:25:42.701000,2,Yellow,2019r6r
0 days 00:25:57.176000,1,AllClear,2019r6r
0 days 00:33:21.929000,2,Yellow,2019r6r
0 days 00:33:25.453000,1,AllClear,2019r6r
0 days 00:40:25.914000,2,Yellow,2019r6r
0 days 00:40:29.162000,1,AllClear,2019r6r
0 days 00:43:28.466000,2,Yellow,2019r6r
0 days 00:43:32.405000,1,AllClear,2019r6r
0 days 00:44:14.388000,2,Yellow,2019r6r
0 days 00:44:17.198000,1,AllClear,2019r6r
0 days 00:44:23.408000,2,Yellow,2019r6r
0 days 00:44:27.879000,1,AllClear,2019r6r
0 days 00:45:35.018000,2,Yellow,2019r6r
0 days 00:46:09.007000,4,SCDeployed,2019r6r
0 days 00:53:09.865000,1,AllClear,2019r6r
0 days 00:54:25.649000,2,Yellow,2019r6r
0 days 00:54:27.067000,1,AllClear,2019r6r
0 days 00:54:42.013000,2,Yellow,2019r6r
0 days 00:55:06.708000,1,AllClear,2019r6r
0 days 01:27:54.458000,2,Yellow,2019r6r
0 days 01:27:57.613000,1,AllClear,2019r6r
0 days 02:16:37.066000,2,Yellow,2019r6r
0 days 02:18:18.957000,1,AllClear,2019r6r
0 days 00:00:00,1,AllClear,2019r7r
0 days 00:33:18.614000,2,Yellow,2019r7r
0 days 00:33:22.966000,1,AllClear,2019r7r
0 days 00:33:25.699000,2,Yellow,2019r7r
0 days 00:33:46.005000,1,AllClear,2019r7r
0 days 00:34:01.290000,2,Yellow,2019r7r
0 days 00:34:32.859000,1,AllClear,2019r7r
0 days 00:44:12.840000,2,Yellow,2019r7r
0 days 00:47:21.107000,1,AllClear,2019r7r
0 days 00:48:55.236000,2,Yellow,2019r7r
0 days 00:50:05.274000,1,AllClear,2019r7r
0 days 01:11:37.549000,2,Yellow,2019r7r
0 days 01:12:55.045000,1,AllClear,2019r7r
0 days 00:07:58.968000,1,AllClear,2019r8r
0 days 01:08:50.612000,2,Yellow,2019r8r
0 days 01:09:00.562000,1,AllClear,2019r8r
0 days 01:30:06.581000,2,Yellow,2019r8r
0 days 01:30:13.252000,1,AllClear,2019r8r
0 days 01:51:15.945000,2,Yellow,2019r8r
0 days 01:51:24.673000,1,AllClear,2019r8r
0 days 01:52:41.127000,2,Yellow,2019r8r
0 days 01:52:52.485000,6,VSCDeployed,2019r8r
0 days 01:53:10.512000,7,VSCEnding,2019r8r
0 days 01:53:25.270000,1,AllClear,2019r8r
0 days 01:58:44.418000,2,Yellow,2019r8r
0 days 01:58:47.914000,1,AllClear,2019r8r
0 days 00:03:49.534000,1,AllClear,2019r9r
0 days 00:11:59.774000,1,AllClear,2019r10r
0 days 01:02:45.401000,2,Yellow,2019r10r
0 days 01:03:15.462000,4,SCDeployed,2019r10r
0 days 01:11:05.894000,1,AllClear,2019r10r
0 days 01:15:42.668000,2,Yellow,2019r10r
0 days 01:16:07.893000,1,AllClear,2019r10r
0 days 01:32:10.021000,2,Yellow,2019r10r
0 days 01:32:25.277000,1,AllClear,2019r10r
0 days 00:11:48.958000,1,AllClear,2019r11r
0 days 00:43:20.330000,4,SCDeployed,2019r11r
0 days 00:47:35.862000,1,AllClear,2019r11r
0 days 01:03:10.874000,2,Yellow,2019r11r
0 days 01:03:48.061000,6,VSCDeployed,2019r11r
0 days 01:04:58.741000,7,VSCEnding,2019r11r
0 days 01:05:12.678000,1,AllClear,2019r11r
0 days 01:09:52.092000,2,Yellow,2019r11r
0 days 01:10:11.625000,1,AllClear,2019r11r
0 days 01:21:50.839000,2,Yellow,2019r11r
0 days 01:22:11.593000,1,AllClear,2019r11r
0 days 01:22:42.174000,2,Yellow,2019r11r
0 days 01:23:17.328000,6,VSCDeployed,2019r11r
0 days 01:24:46.236000,7,VSCEnding,2019r11r
0 days 01:24:58.288000,1,AllClear,2019r11r
0 days 01:25:22.906000,2,Yellow,2019r11r
0 days 01:25:46.417000,4,SCDeployed,2019r11r
0 days 01:36:35.078000,1,AllClear,2019r11r
0 days 01:47:16.087000,2,Yellow,2019r11r
0 days 01:47:51.607000,4,SCDeployed,2019r11r
0 days 01:57:04.937000,1,AllClear,2019r11r
0 days 02:07:25.277000,2,Yellow,2019r11r
0 days 02:07:31.942000,1,AllClear,2019r11r
0 days 02:12:25.379000,2,Yellow,2019r11r
0 days 02:12:44.264000,4,SCDeployed,2019r11r
0 days 02:17:58.448000,1,AllClear,2019r11r
0 days 00:06:25.173000,1,AllClear,2019r12r
0 days 00:34:40.576000,2,Yellow,2019r12r
0 days 00:34:45.606000,1,AllClear,2019r12r
0 days 00:00:00,1,AllClear,2019r13r
0 days 00:01:13.199000,2,Yellow,2019r13r
0 days 00:02:00.652000,1,AllClear,2019r13r
0 days 00:33:37.550000,2,Yellow,2019r13r
0 days 00:33:38.896000,1,AllClear,2019r13r
0 days 00:33:40.221000,2,Yellow,2019r13r
0 days 00:33:47.489000,1,AllClear,2019r13r
0 days 00:33:49.537000,2,Yellow,2019r13r
0 days 00:34:22.787000,4,SCDeployed,2019r13r
0 days 00:44:30.275000,1,AllClear,2019r13r
0 days 01:56:15.637000,2,Yellow,2019r13r
0 days 00:08:06.272000,1,AllClear,2019r14r
0 days 00:33:37.039000,2,Yellow,2019r14r
0 days 00:33:40.003000,1,AllClear,2019r14r
0 days 00:37:05.594000,2,Yellow,2019r14r
0 days 00:37:09.759000,1,AllClear,2019r14r
0 days 00:41:34.800000,2,Yellow,2019r14r
0 days 00:41:55.548000,1,AllClear,2019r14r
0 days 01:12:57.265000,2,Yellow,2019r14r
0 days 01:13:27.092000,6,VSCDeployed,2019r14r
0 days 01:14:08.119000,7,VSCEnding,2019r14r
0 days 01:14:20.568000,1,AllClear,2019r14r
0 days 01:16:17.115000,2,Yellow,2019r14r
0 days 01:16:30.375000,6,VSCDeployed,2019r14r
0 days 01:17:34.771000,7,VSCEnding,2019r14r
0 days 01:17:49.029000,1,AllClear,2019r14r
0 days 00:08:25.229000,1,AllClear,2019r15r
0 days 01:37:18.320000,2,Yellow,2019r15r
0 days 01:38:41.623000,4,SCDeployed,2019r15r
0 days 01:50:16.051000,1,AllClear,2019r15r
0 days 01:56:00.932000,2,Yellow,2019r15r
0 days 01:56:48.216000,4,SCDeployed,2019r15r
0 days 02:06:01.324000,1,AllClear,2019r15r
0 days 02:10:11.514000,2,Yellow,2019r15r
0 days 02:10:12.138000,1,AllClear,2019r15r
0 days 02:10:13.449000,2,Yellow,2019r15r
0 days 02:11:01.543000,4,SCDeployed,2019r15r
0 days 02:14:30.971000,1,AllClear,2019r15r
0 days 00:00:00,1,AllClear,2019r16r
0 days 00:34:04.751000,2,Yellow,2019r16r
0 days 00:34:21.605000,4,SCDeployed,2019r16r
0 days 00:40:44.764000,1,AllClear,2019r16r
0 days 01:20:48.652000,2,Yellow,2019r16r
0 days 01:21:20.030000,6,VSCDeployed,2019r16r
0 days 01:23:29.896000,7,VSCEnding,2019r16r
0 days 01:23:39.990000,1,AllClear,2019r16r
0 days 01:23:53.196000,2,Yellow,2019r16r
0 days 01:24:29.364000,4,SCDeployed,2019r16r
0 days 01:32:58.607000,1,AllClear,2019r16r
0 days 00:10:00.843000,1,AllClear,2019r17r
0 days 00:38:41.877000,2,Yellow,2019r17r
0 days 00:38:53.609000,1,AllClear,2019r17r
0 days 01:56:01.099000,2,Yellow,2019r17r
0 days 02:01:04.937000,1,AllClear,2019r17r
0 days 00:00:00,1,AllClear,2019r18r
0 days 00:34:13.665000,6,VSCDeployed,2019r18r
0 days 00:36:25.134000,7,VSCEnding,2019r18r
0 days 00:36:44.204000,1,AllClear,2019r18r
0 days 00:40:12.845000,2,Yellow,2019r18r
0 days 00:40:29.452000,1,AllClear,2019r18r
0 days 02:10:07.154000,2,Yellow,2019r18r
0 days 02:10:11.735000,1,AllClear,2019r18r
0 days 00:00:00,1,AllClear,2019r19r
0 days 00:46:39.218000,2,Yellow,2019r19r
0 days 00:47:43.187000,1,AllClear,2019r19r
0 days 02:04:25.783000,2,Yellow,2019r19r
0 days 00:00:00,1,AllClear,2019r20r
0 days 00:42:23.641000,2,Yellow,2019r20r
0 days 00:42:30.955000,1,AllClear,2019r20r
0 days 01:37:05.268000,2,Yellow,2019r20r
0 days 01:38:43.182000,4,SCDeployed,2019r20r
0 days 01:48:57.038000,1,AllClear,2019r20r
0 days 01:57:18.072000,4,SCDeployed,2019r20r
0 days 02:03:13.891000,1,AllClear,2019r20r
0 days 02:04:43.624000,2,Yellow,2019r20r
0 days 02:04:51.254000,1,AllClear,2019r20r
0 days 00:00:00,1,AllClear,2019r21r
0 days 00:33:44.715000,2,Yellow,2019r21r
0 days 00:34:50.953000,1,AllClear,2019r21r
0 days 00:07:56.420000,1,AllClear,2020r1r
0 days 00:56:21.333000,2,Yellow,2020r1r
0 days 00:56:30.327000,1,AllClear,2020r1r
0 days 01:01:52.836000,2,Yellow,2020r1r
0 days 01:02:31.497000,4,SCDeployed,2020r1r
0 days 01:10:47.603000,1,AllClear,2020r1r
0 days 01:11:20.892000,2,Yellow,2020r1r
0 days 01:11:28.620000,1,AllClear,2020r1r
0 days 01:34:24.520000,2,Yellow,2020r1r
0 days 01:34:38.932000,4,SCDeployed,2020r1r
0 days 01:40:24.625000,1,AllClear,2020r1r
0 days 01:40:34.511000,2,Yellow,2020r1r
0 days 01:40:55.235000,4,SCDeployed,2020r1r
0 days 01:51:02.467000,1,AllClear,2020r1r
0 days 02:00:34.428000,2,Yellow,2020r1r
0 days 02:01:44.898000,1,AllClear,2020r1r
0 days 02:01:58.819000,2,Yellow,2020r1r
0 days 02:02:12.139000,1,AllClear,2020r1r
0 days 00:04:24.927000,1,AllClear,2020r2r
0 days 00:33:51.938000,4,SCDeployed,2020r2r
0 days 00:37:48.141000,1,AllClear,2020r2r
0 days 00:38:54.114000,2,Yellow,2020r2r
0 days 00:39:02.739000,1,AllClear,2020r2r
0 days 00:00:00,1,AllClear,2020r3r
0 days 00:07:17.355000,2,Yellow,2020r3r
0 days 00:07:35.050000,1,AllClear,2020r3r
0 days 00:38:34.469000,2,Yellow,2020r3r
0 days 00:38:48.369000,1,AllClear,2020r3r
0 days 00:39:43.759000,2,Yellow,2020r3r
0 days 00:39:47.570000,1,AllClear,2020r3r
0 days 01:31:42.461000,2,Yellow,2020r3r
0 days 01:31:58.377000,1,AllClear,2020r3r
0 days 00:08:44.159000,1,AllClear,2020r4r
0 days 00:35:07.230000,2,Yellow,2020r4r
0 days 00:35:21.022000,4,SCDeployed,2020r4r
0 days 00:44:16.115000,1,AllClear,2020r4r
0 days 00:54:57.839000,2,Yellow,2020r4r
0 days 00:55:05.878000,4,SCDeployed,2020r4r
0 days 01:09:55.304000,1,AllClear,2020r4r
0 days 01:54:26.907000,2,Yellow,2020r4r
0 days 01:54:31.901000,1,AllClear,2020r4r
0 days 00:00:00,1,AllClear,2020r5r
0 days 00:33:31.095000,2,Yellow,2020r5r
0 days 00:33:39.012000,1,AllClear,2020r5r
0 days 01:20:40.834000,2,Yellow,2020r5r
0 days 01:20:49.323000,1,AllClear,2020r5r
0 days 00:06:02.707000,1,AllClear,2020r6r
0 days 01:24:54.341000,2,Yellow,2020r6r
0 days 01:25:39.088000,1,AllClear,2020r6r
0 days 00:14:39.519000,1,AllClear,2020r7r
0 days 00:14:39.519000,2,Yellow,2020r7r
0 days 00:14:39.519000,1,AllClear,2020r7r
0 days 00:52:08.373000,2,Yellow,2020r7r
0 days 00:52:19.307000,4,SCDeployed,2020r7r
0 days 01:03:21.213000,1,AllClear,2020r7r
0 days 01:58:27.186000,2,Yellow,2020r7r
0 days 01:58:50.626000,1,AllClear,2020r7r
0 days 02:00:38.487000,2,Yellow,2020r7r
0 days 00:00:00,1,AllClear,2020r8r
0 days 00:44:43.018000,2,Yellow,2020r8r
0 days 00:45:01.840000,1,AllClear,2020r8r
0 days 01:00:35.255000,2,Yellow,2020r8r
0 days 01:01:35.482000,4,SCDeployed,2020r8r
0 days 01:08:43.757000,1,AllClear,2020r8r
0 days 01:10:21.987000,2,Yellow,2020r8r
0 days 01:10:26.773000,4,SCDeployed,2020r8r
0 days 01:13:02.308000,5,Red,2020r8r
0 days 01:34:01.075000,1,AllClear,2020r8r
0 days 00:01:19.369000,1,AllClear,2020r9r
0 days 00:33:50.287000,2,Yellow,2020r9r
0 days 00:34:03.516000,4,SCDeployed,2020r9r
0 days 00:46:35.103000,1,AllClear,2020r9r
0 days 00:46:52.739000,2,Yellow,2020r9r
0 days 00:46:57.296000,4,SCDeployed,2020r9r
0 days 00:49:34.491000,5,Red,2020r9r
0 days 01:14:11.784000,1,AllClear,2020r9r
0 days 02:05:40.977000,2,Yellow,2020r9r
0 days 02:05:54.264000,4,SCDeployed,2020r9r
0 days 02:09:44.391000,5,Red,2020r9r
0 days 02:28:01.392000,1,AllClear,2020r9r
0 days 00:07:43.184000,1,AllClear,2020r10r
0 days 00:34:06.948000,2,Yellow,2020r10r
0 days 00:34:32.789000,4,SCDeployed,2020r10r
0 days 00:47:13.597000,1,AllClear,2020r10r
0 days 01:49:53.243000,6,VSCDeployed,2020r10r
0 days 01:50:18.948000,7,VSCEnding,2020r10r
0 days 01:50:33.695000,1,AllClear,2020r10r
0 days 02:11:41.425000,2,Yellow,2020r10r
0 days 00:03:10.938000,1,AllClear,2020r11r
0 days 00:19:50.532000,2,Yellow,2020r11r
0 days 00:19:55.120000,1,AllClear,2020r11r
0 days 00:20:08.332000,2,Yellow,2020r11r
0 days 00:20:19.942000,1,AllClear,2020r11r
0 days 00:24:07.065000,6,VSCDeployed,2020r11r
0 days 00:25:11.222000,7,VSCEnding,2020r11r
0 days 00:25:23.675000,1,AllClear,2020r11r
0 days 00:25:53.043000,2,Yellow,2020r11r
0 days 00:29:45.733000,1,AllClear,2020r11r
0 days 01:07:40.570000,2,Yellow,2020r11r
0 days 01:08:33.328000,4,SCDeployed,2020r11r
0 days 01:19:20.193000,1,AllClear,2020r11r
0 days 00:09:52.059000,1,AllClear,2020r12r
0 days 00:33:36.599000,2,Yellow,2020r12r
0 days 00:33:44.599000,1,AllClear,2020r12r
0 days 00:07:45.636000,1,AllClear,2020r13r
0 days 00:33:34.595000,2,Yellow,2020r13r
0 days 00:33:36.095000,1,AllClear,2020r13r
0 days 00:33:43.625000,2,Yellow,2020r13r
0 days 00:34:09.986000,1,AllClear,2020r13r
0 days 01:11:10.759000,2,Yellow,2020r13r
0 days 01:12:38.062000,6,VSCDeployed,2020r13r
0 days 01:13:02.099000,7,VSCEnding,2020r13r
0 days 01:13:15.888000,1,AllClear,2020r13r
0 days 01:39:57.577000,2,Yellow,2020r13r
0 days 01:40:35.530000,4,SCDeployed,2020r13r
0 days 01:53:53.388000,1,AllClear,2020r13r
0 days 01:54:36.713000,2,Yellow,2020r13r
0 days 01:54:44.245000,1,AllClear,2020r13r
0 days 00:00:00,2,Yellow,2020r14r
0 days 00:01:06.485000,1,AllClear,2020r14r
0 days 00:33:41.378000,2,Yellow,2020r14r
0 days 00:33:50.775000,1,AllClear,2020r14r
0 days 00:34:49.880000,2,Yellow,2020r14r
0 days 00:34:54.190000,1,AllClear,2020r14r
0 days 00:35:03.673000,2,Yellow,2020r14r
0 days 00:35:10.183000,1,AllClear,2020r14r
0 days 00:35:37.610000,2,Yellow,2020r14r
0 days 00:35:48.638000,1,AllClear,2020r14r
0 days 00:57:18.090000,2,Yellow,2020r14r
0 days 00:58:00.357000,6,VSCDeployed,2020r14r
0 days 01:00:58.764000,7,VSCEnding,2020r14r
0 days 01:01:13.477000,1,AllClear,2020r14r
0 days 01:05:47.991000,2,Yellow,2020r14r
0 days 01:05:52.931000,1,AllClear,2020r14r
0 days 01:07:18.983000,2,Yellow,2020r14r
0 days 01:07:30.587000,1,AllClear,2020r14r
0 days 01:07:30.845000,2,Yellow,2020r14r
0 days 01:07:38.360000,1,AllClear,2020r14r
0 days 01:12:33.271000,2,Yellow,2020r14r
0 days 01:12:43.898000,1,AllClear,2020r14r
0 days 01:34:11.005000,2,Yellow,2020r14r
0 days 01:34:16.959000,1,AllClear,2020r14r
0 days 01:43:12.110000,2,Yellow,2020r14r
0 days 01:43:35.327000,1,AllClear,2020r14r
0 days 01:44:32.852000,2,Yellow,2020r14r
0 days 01:44:38.466000,1,AllClear,2020r14r
0 days 01:45:34.843000,2,Yellow,2020r14r
0 days 01:45:45.067000,1,AllClear,2020r14r
0 days 01:45:55.860000,2,Yellow,2020r14r
0 days 01:46:04.110000,1,AllClear,2020r14r
0 days 01:46:09.782000,2,Yellow,2020r14r
0 days 01:46:19.593000,1,AllClear,2020r14r
0 days 01:59:03.771000,2,Yellow,2020r14r
0 days 01:59:16.770000,1,AllClear,2020r14r
0 days 02:00:04.231000,2,Yellow,2020r14r
0 days 02:00:09.740000,1,AllClear,2020r14r
0 days 02:03:34.240000,2,Yellow,2020r14r
0 days 02:03:42.880000,1,AllClear,2020r14r
0 days 02:18:45.269000,2,Yellow,2020r14r
0 days 02:18:49.317000,1,AllClear,2020r14r
0 days 02:18:57.752000,2,Yellow,2020r14r
0 days 00:00:00,2,Yellow,2020r15r
0 days 00:00:25.693000,1,AllClear,2020r15r
0 days 00:34:07.560000,5,Red,2020r15r
0 days 01:50:00.706000,1,AllClear,2020r15r
0 days 02:00:12.487000,2,Yellow,2020r15r
0 days 02:00:18.673000,4,SCDeployed,2020r15r
0 days 02:13:13.766000,1,AllClear,2020r15r
0 days 02:21:15.688000,2,Yellow,2020r15r
0 days 02:21:24.246000,1,AllClear,2020r15r
0 days 03:26:29.779000,2,Yellow,2020r15r
0 days 03:26:34.944000,4,SCDeployed,2020r15r
0 days 00:00:00,1,AllClear,2020r16r
0 days 00:33:21.268000,2,Yellow,2020r16r
0 days 00:33:23.916000,4,SCDeployed,2020r16r
0 days 00:41:22.426000,1,AllClear,2020r16r
0 days 01:28:10.248000,2,Yellow,2020r16r
0 days 01:28:53.834000,6,VSCDeployed,2020r16r
0 days 01:29:35.990000,7,VSCEnding,2020r16r
0 days 01:29:48.810000,1,AllClear,2020r16r
0 days 01:34:56.255000,2,Yellow,2020r16r
0 days 01:34:58.235000,1,AllClear,2020r16r
0 days 01:34:58.949000,2,Yellow,2020r16r
0 days 01:35:01.202000,1,AllClear,2020r16r
0 days 01:35:09.968000,2,Yellow,2020r16r
0 days 01:35:17.792000,6,VSCDeployed,2020r16r
0 days 01:36:18.690000,4,SCDeployed,2020r16r
0 days 01:45:48.950000,1,AllClear,2020r16r
0 days 00:08:40.721000,1,AllClear,2020r17r
0 days 00:49:19.126000,2,Yellow,2020r17r
0 days 00:49:35.215000,6,VSCDeployed,2020r17r
0 days 00:52:35.245000,4,SCDeployed,2020r17r
0 days 00:58:45.423000,1,AllClear,2020r17r
0 days 00:00:00,1,AllClear,2021r1r
0 days 00:27:39.918000,2,Yellow,2021r1r
0 days 00:27:41.288000,1,AllClear,2021r1r
0 days 00:37:34.997000,2,Yellow,2021r1r
0 days 00:38:12.198000,4,SCDeployed,2021r1r
0 days 00:43:48.936000,1,AllClear,2021r1r
0 days 00:44:47.777000,2,Yellow,2021r1r
0 days 00:45:01.019000,1,AllClear,2021r1r
0 days 00:45:33.063000,6,VSCDeployed,2021r1r
0 days 00:46:16.419000,7,VSCEnding,2021r1r
0 days 00:46:29.986000,1,AllClear,2021r1r
0 days 01:50:13.169000,2,Yellow,2021r1r
0 days 01:50:20.738000,1,AllClear,2021r1r
0 days 00:00:00,1,AllClear,2021r2r
0 days 00:03:33.085000,2,Yellow,2021r2r
0 days 00:09:36.333000,1,AllClear,2021r2r
0 days 00:34:32.243000,2,Yellow,2021r2r
0 days 00:34:36.760000,1,AllClear,2021r2r
0 days 00:34:45.778000,2,Yellow,2021r2r
0 days 00:34:55.943000,4,SCDeployed,2021r2r
0 days 00:46:44.410000,1,AllClear,2021r2r
0 days 00:52:36.021000,2,Yellow,2021r2r
0 days 00:52:41.451000,1,AllClear,2021r2r
0 days 00:57:16.023000,2,Yellow,2021r2r
0 days 00:57:18.095000,1,AllClear,2021r2r
0 days 01:23:30.732000,2,Yellow,2021r2r
0 days 01:24:44.242000,4,SCDeployed,2021r2r
0 days 01:27:40.736000,5,Red,2021r2r
0 days 01:49:48.562000,1,AllClear,2021r2r
0 days 01:58:09.632000,2,Yellow,2021r2r
0 days 01:58:29.648000,1,AllClear,2021r2r
0 days 02:02:24.487000,2,Yellow,2021r2r
0 days 02:02:40.089000,1,AllClear,2021r2r
0 days 02:33:24.703000,2,Yellow,2021r2r
0 days 02:33:32.700000,1,AllClear,2021r2r
0 days 00:00:00,1,AllClear,2021r3r
0 days 00:35:04.391000,4,SCDeployed,2021r3r
0 days 00:44:53.571000,1,AllClear,2021r3r
0 days 00:13:38.039000,1,AllClear,2021r4r
0 days 00:43:22.754000,2,Yellow,2021r4r
0 days 00:44:22.323000,4,SCDeployed,2021r4r
0 days 00:48:47.890000,1,AllClear,2021r4r
0 days 00:00:00,1,AllClear,2021r5r
0 days 00:02:49.680000,1,AllClear,2021r6r
0 days 00:27:39.207000,2,Yellow,2021r6r
0 days 00:27:48.096000,1,AllClear,2021r6r
0 days 00:28:26.329000,2,Yellow,2021r6r
0 days 00:28:30.945000,1,AllClear,2021r6r
0 days 00:32:17.953000,2,Yellow,2021r6r
0 days 00:32:19.329000,1,AllClear,2021r6r
0 days 00:33:27.961000,2,Yellow,2021r6r
0 days 00:33:32.467000,1,AllClear,2021r6r
0 days 00:41:04.172000,2,Yellow,2021r6r
0 days 00:41:08.798000,1,AllClear,2021r6r
0 days 00:53:27.543000,2,Yellow,2021r6r
0 days 00:53:51.158000,1,AllClear,2021r6r
0 days 01:15:29.316000,2,Yellow,2021r6r
0 days 01:15:31.501000,1,AllClear,2021r6r
0 days 01:17:24.211000,2,Yellow,2021r6r
0 days 01:17:34.620000,1,AllClear,2021r6r
0 days 01:27:57.646000,2,Yellow,2021r6r
0 days 01:28:32.488000,4,SCDeployed,2021r6r
0 days 01:41:42.267000,1,AllClear,2021r6r
0 days 02:01:37.754000,2,Yellow,2021r6r
0 days 02:02:46.814000,4,SCDeployed,2021r6r
0 days 02:06:03.265000,5,Red,2021r6r
0 days 02:08:36.346000,1,AllClear,2021r6r
0 days 02:10:24.360000,2,Yellow,2021r6r
0 days 02:10:37.354000,1,AllClear,2021r6r
0 days 02:44:10.459000,2,Yellow,2021r6r
0 days 02:44:16.002000,1,AllClear,2021r6r
0 days 02:48:39.043000,2,Yellow,2021r6r
0 days 02:50:42.346000,1,AllClear,2021r6r
0 days 00:01:22.354000,1,AllClear,2021r7r
0 days 00:00:00,1,AllClear,2021r8r
0 days 00:33:34.794000,2,Yellow,2021r8r
0 days 00:33:38.604000,1,AllClear,2021r8r
0 days 00:14:34.915000,1,AllClear,2021r9r
0 days 01:02:54.246000,4,SCDeployed,2021r9r
0 days 01:06:57.843000,1,AllClear,2021r9r
0 days 02:25:40.520000,2,Yellow,2021r9r
0 days 02:26:42.654000,1,AllClear,2021r9r
0 days 00:02:51.800000,1,AllClear,2021r10r
0 days 00:02:51.800000,2,Yellow,2021r10r
0 days 00:07:27.496000,1,AllClear,2021r10r
0 days 00:21:27.130000,2,Yellow,2021r10r
0 days 00:21:33.982000,1,AllClear,2021r10r
0 days 01:03:17.629000,2,Yellow,2021r10r
0 days 01:03:31.052000,4,SCDeployed,2021r10r
0 days 01:05:38.849000,5,Red,2021r10r
0 days 01:30:42.127000,1,AllClear,2021r10r
0 days 01:46:06.806000,2,Yellow,2021r10r
0 days 01:46:15.709000,1,AllClear,2021r10r
0 days 02:52:54.926000,2,Yellow,2021r10r
0 days 02:53:04.718000,1,AllClear,2021r10r
0 days 00:07:00.122000,1,AllClear,2021r11r
0 days 01:02:29.505000,2,Yellow,2021r11r
0 days 01:03:23.239000,4,SCDeployed,2021r11r
0 days 01:06:15.187000,5,Red,2021r11r
0 days 01:21:35.973000,1,AllClear,2021r11r
0 days 02:57:17.504000,2,Yellow,2021r11r
0 days 02:57:23.516000,1,AllClear,2021r11r
0 days 03:08:31.789000,2,Yellow,2021r11r
0 days 00:00:00,1,AllClear,2021r12r
0 days 00:25:25.432000,2,Yellow,2021r12r
0 days 00:32:17.778000,1,AllClear,2021r12r
0 days 01:29:40.939000,5,Red,2021r12r
0 days 04:10:20.221000,1,AllClear,2021r12r
0 days 04:24:35.144000,5,Red,2021r12r
0 days 00:00:00,1,AllClear,2021r13r
0 days 01:48:13.346000,2,Yellow,2021r13r
0 days 01:48:20.519000,1,AllClear,2021r13r
0 days 00:00:00,2,Yellow,2021r14r
0 days 00:07:57.070000,1,AllClear,2021r14r
0 days 01:03:01.414000,2,Yellow,2021r14r
0 days 01:03:10.010000,1,AllClear,2021r14r
0 days 01:03:21.515000,6,VSCDeployed,2021r14r
0 days 01:04:00.484000,7,VSCEnding,2021r14r
0 days 01:04:10.726000,1,AllClear,2021r14r
0 days 01:39:26.397000,2,Yellow,2021r14r
0 days 01:39:40.973000,4,SCDeployed,2021r14r
0 days 01:50:52.042000,1,AllClear,2021r14r
0 days 01:53:07.940000,2,Yellow,2021r14r
0 days 01:53:17.838000,1,AllClear,2021r14r
0 days 02:06:06.050000,2,Yellow,2021r14r
0 days 02:06:32.398000,1,AllClear,2021r14r
0 days 02:09:25.958000,2,Yellow,2021r14r
0 days 02:10:03.983000,6,VSCDeployed,2021r14r
0 days 02:10:59.312000,7,VSCEnding,2021r14r
0 days 02:11:10.949000,1,AllClear,2021r14r
0 days 00:00:00,1,AllClear,2021r15r
0 days 01:05:20.560000,2,Yellow,2021r15r
0 days 01:05:38.804000,1,AllClear,2021r15r
0 days 02:22:19.389000,2,Yellow,2021r15r
0 days 02:22:20.695000,1,AllClear,2021r15r
0 days 02:22:23.311000,2,Yellow,2021r15r
0 days 02:22:28.703000,1,AllClear,2021r15r
0 days 02:23:48.889000,2,Yellow,2021r15r
0 days 02:23:56.244000,1,AllClear,2021r15r
0 days 02:24:03.459000,2,Yellow,2021r15r
0 days 02:24:07.039000,1,AllClear,2021r15r
0 days 02:28:34.381000,2,Yellow,2021r15r
0 days 02:28:39.190000,1,AllClear,2021r15r
0 days 02:28:52.985000,2,Yellow,2021r15r
0 days 02:29:16.753000,1,AllClear,2021r15r
0 days 02:29:40.179000,2,Yellow,2021r15r
0 days 02:30:01.080000,1,AllClear,2021r15r
0 days 00:00:00,2,Yellow,2021r16r
0 days 00:06:29.703000,1,AllClear,2021r16r
0 days 00:33:30.711000,2,Yellow,2021r16r
0 days 00:33:40.018000,1,AllClear,2021r16r
0 days 01:02:34.600000,2,Yellow,2021r16r
0 days 01:02:38.755000,1,AllClear,2021r16r
0 days 01:03:41.022000,2,Yellow,2021r16r
0 days 01:03:53.827000,1,AllClear,2021r16r
0 days 01:04:35.505000,2,Yellow,2021r16r
0 days 01:04:40.746000,1,AllClear,2021r16r
0 days 01:37:09.369000,2,Yellow,2021r16r
0 days 01:37:15.408000,1,AllClear,2021r16r
0 days 02:00:43.862000,2,Yellow,2021r16r
0 days 02:00:47.732000,1,AllClear,2021r16r
0 days 02:01:14.067000,2,Yellow,2021r16r
0 days 02:01:15.601000,1,AllClear,2021r16r
0 days 00:00:00,1,AllClear,2021r17r
0 days 01:02:52.943000,2,Yellow,2021r17r
0 days 01:03:15.704000,1,AllClear,2021r17r
0 days 01:48:33.645000,6,VSCDeployed,2021r17r
0 days 01:48:53.725000,7,VSCEnding,2021r17r
0 days 01:49:06.486000,1,AllClear,2021r17r
0 days 02:31:31.754000,2,Yellow,2021r17r
0 days 02:31:35.851000,1,AllClear,2021r17r
0 days 00:00:00,2,Yellow,2021r18r
0 days 00:07:05.555000,1,AllClear,2021r18r
0 days 01:02:25.133000,2,Yellow,2021r18r
0 days 01:03:02.255000,4,SCDeployed,2021r18r
0 days 01:10:07.807000,1,AllClear,2021r18r
0 days 00:13:56.358000,1,AllClear,2021r19r
0 days 01:08:53.051000,4,SCDeployed,2021r19r
0 days 01:15:55.042000,1,AllClear,2021r19r
0 days 01:19:10.057000,6,VSCDeployed,2021r19r
0 days 01:22:28.753000,7,VSCEnding,2021r19r
0 days 01:22:40.247000,1,AllClear,2021r19r
0 days 01:43:09.876000,6,VSCDeployed,2021r19r
0 days 01:43:57.781000,7,VSCEnding,2021r19r
0 days 01:44:11.332000,1,AllClear,2021r19r
0 days 00:00:03.111000,2,Yellow,2021r20r
0 days 00:03:52.277000,1,AllClear,2021r20r
0 days 00:03:59.214000,2,Yellow,2021r20r
0 days 00:04:01.194000,1,AllClear,2021r20r
0 days 00:04:05.123000,2,Yellow,2021r20r
0 days 00:04:07.302000,1,AllClear,2021r20r
0 days 00:04:15.014000,2,Yellow,2021r20r
0 days 00:04:16.350000,1,AllClear,2021r20r
0 days 00:04:18.118000,2,Yellow,2021r20r
0 days 00:04:20.445000,1,AllClear,2021r20r
0 days 00:04:32.642000,2,Yellow,2021r20r
0 days 00:04:34.814000,1,AllClear,2021r20r
0 days 01:00:55.060000,2,Yellow,2021r20r
0 days 01:00:56.400000,1,AllClear,2021r20r
0 days 01:51:29.252000,2,Yellow,2021r20r
0 days 01:51:51.290000,1,AllClear,2021r20r
0 days 01:52:03.476000,2,Yellow,2021r20r
0 days 01:52:14.727000,1,AllClear,2021r20r
0 days 02:16:44.912000,2,Yellow,2021r20r
0 days 02:16:52.398000,1,AllClear,2021r20r
0 days 02:16:53.692000,2,Yellow,2021r20r
0 days 02:17:00.909000,1,AllClear,2021r20r
0 days 02:19:19.105000,2,Yellow,2021r20r
0 days 02:19:21.483000,1,AllClear,2021r20r
0 days 02:23:09.971000,6,VSCDeployed,2021r20r
0 days 02:25:47.258000,7,VSCEnding,2021r20r
0 days 02:25:59.667000,1,AllClear,2021r20r
0 days 00:00:00,1,AllClear,2021r21r
0 days 00:30:53.856000,2,Yellow,2021r21r
0 days 00:31:12.451000,1,AllClear,2021r21r
0 days 00:50:13.042000,2,Yellow,2021r21r
0 days 00:50:14.845000,1,AllClear,2021r21r
0 days 01:15:58.449000,2,Yellow,2021r21r
0 days 01:16:10.264000,4,SCDeployed,2021r21r
0 days 01:24:52.688000,5,Red,2021r21r
0 days 01:34:21.474000,1,AllClear,2021r21r
0 days 01:47:47.276000,2,Yellow,2021r21r
0 days 01:48:22.569000,5,Red,2021r21r
0 days 02:00:34.203000,1,AllClear,2021r21r
0 days 02:22:23.419000,2,Yellow,2021r21r
0 days 02:23:10.025000,6,VSCDeployed,2021r21r
0 days 02:24:58.871000,7,VSCEnding,2021r21r
0 days 02:25:09.931000,1,AllClear,2021r21r
0 days 02:30:07.808000,6,VSCDeployed,2021r21r
0 days 02:30:43.353000,7,VSCEnding,2021r21r
0 days 02:30:58.271000,1,AllClear,2021r21r
0 days 02:33:02.530000,6,VSCDeployed,2021r21r
0 days 02:40:12.660000,7,VSCEnding,2021r21r
0 days 02:40:23.767000,1,AllClear,2021r21r
0 days 02:44:52.318000,6,VSCDeployed,2021r21r
0 days 02:45:26.606000,7,VSCEnding,2021r21r
0 days 02:45:39.453000,1,AllClear,2021r21r
0 days 00:00:00,1,AllClear,2021r22r
0 days 01:40:06.247000,2,Yellow,2021r22r
0 days 01:40:47.317000,1,AllClear,2021r22r
0 days 01:55:03.019000,6,VSCDeployed,2021r22r
0 days 01:57:53.608000,7,VSCEnding,2021r22r
0 days 01:58:06.176000,1,AllClear,2021r22r
0 days 02:20:38.379000,2,Yellow,2021r22r
0 days 02:20:54.313000,4,SCDeployed,2021r22r
0 days 02:31:02.298000,1,AllClear,2021r22r
0 days 00:13:36.667000,1,AllClear,2022r1r
0 days 01:25:49.895000,2,Yellow,2022r1r
0 days 01:25:58.557000,1,AllClear,2022r1r
0 days 02:17:19.828000,6,VSCDeployed,2022r1r
0 days 02:17:39.726000,4,SCDeployed,2022r1r
0 days 02:28:54.157000,1,AllClear,2022r1r
0 days 02:38:53.199000,2,Yellow,2022r1r
0 days 00:00:00,1,AllClear,2022r2r
0 days 00:01:46.583000,2,Yellow,2022r2r
0 days 00:11:00.955000,1,AllClear,2022r2r
0 days 00:24:06.423000,2,Yellow,2022r2r
0 days 00:31:02.766000,1,AllClear,2022r2r
0 days 01:27:06.240000,2,Yellow,2022r2r
0 days 01:27:32.923000,6,VSCDeployed,2022r2r
0 days 01:27:51.962000,4,SCDeployed,2022r2r
0 days 01:38:40.471000,1,AllClear,2022r2r
0 days 02:05:13.559000,2,Yellow,2022r2r
0 days 02:06:20.738000,6,VSCDeployed,2022r2r
0 days 02:11:24.173000,7,VSCEnding,2022r2r
0 days 02:11:36.808000,1,AllClear,2022r2r
0 days 02:23:32.259000,2,Yellow,2022r2r
0 days 02:23:39.541000,1,AllClear,2022r2r
0 days 02:23:40.529000,2,Yellow,2022r2r
0 days 02:23:48.232000,1,AllClear,2022r2r
0 days 02:24:12.424000,2,Yellow,2022r2r
0 days 00:11:29.385000,1,AllClear,2022r3r
0 days 01:04:51.877000,2,Yellow,2022r3r
0 days 01:05:47.999000,6,VSCDeployed,2022r3r
0 days 01:06:34.882000,4,SCDeployed,2022r3r
0 days 01:13:33.242000,1,AllClear,2022r3r
0 days 01:37:24.288000,2,Yellow,2022r3r
0 days 01:37:26.582000,1,AllClear,2022r3r
0 days 01:37:28.643000,2,Yellow,2022r3r
0 days 01:37:40.082000,4,SCDeployed,2022r3r
0 days 01:45:30.263000,1,AllClear,2022r3r
0 days 02:02:57.882000,6,VSCDeployed,2022r3r
0 days 02:04:42.705000,7,VSCEnding,2022r3r
0 days 02:04:56.094000,1,AllClear,2022r3r
0 days 02:32:54.609000,2,Yellow,2022r3r
0 days 02:32:56.747000,1,AllClear,2022r3r
0 days 02:33:25.544000,2,Yellow,2022r3r
0 days 02:35:21.742000,1,AllClear,2022r3r
0 days 00:00:00,1,AllClear,2022r4r
0 days 01:02:23.363000,2,Yellow,2022r4r
0 days 01:03:13.645000,4,SCDeployed,2022r4r
0 days 01:10:53.647000,1,AllClear,2022r4r
0 days 01:42:12.719000,2,Yellow,2022r4r
0 days 01:42:19.717000,1,AllClear,2022r4r
0 days 02:20:45.792000,2,Yellow,2022r4r
0 days 02:20:55.223000,1,AllClear,2022r4r
0 days 00:02:08.769000,1,AllClear,2022r5r
0 days 01:33:01.398000,2,Yellow,2022r5r
0 days 01:33:11.895000,1,AllClear,2022r5r
0 days 02:05:28.249000,2,Yellow,2022r5r
0 days 02:05:28.608000,6,VSCDeployed,2022r5r
0 days 02:06:49.739000,4,SCDeployed,2022r5r
0 days 02:19:42.516000,1,AllClear,2022r5r
0 days 02:20:09.086000,2,Yellow,2022r5r
0 days 02:20:10.661000,1,AllClear,2022r5r
0 days 02:31:02.228000,2,Yellow,2022r5r
0 days 02:31:09.097000,1,AllClear,2022r5r
0 days 02:34:58.268000,2,Yellow,2022r5r
0 days 02:34:59.877000,1,AllClear,2022r5r
0 days 00:00:00,2,Yellow,2022r6r
0 days 00:07:30.185000,1,AllClear,2022r6r
0 days 01:02:47.426000,2,Yellow,2022r6r
0 days 01:02:59.996000,1,AllClear,2022r6r
0 days 01:11:36.002000,2,Yellow,2022r6r
0 days 01:11:48.338000,1,AllClear,2022r6r
0 days 01:14:25.457000,2,Yellow,2022r6r
0 days 01:14:33.638000,1,AllClear,2022r6r
0 days 00:00:00,1,AllClear,2022r7r
0 days 00:25:31.516000,2,Yellow,2022r7r
0 days 00:25:37.692000,1,AllClear,2022r7r
0 days 00:51:03.026000,2,Yellow,2022r7r
0 days 00:51:13.019000,1,AllClear,2022r7r
0 days 01:19:22.344000,5,Red,2022r7r
0 days 02:02:18.135000,1,AllClear,2022r7r
0 days 02:05:59.441000,2,Yellow,2022r7r
0 days 02:06:15.238000,1,AllClear,2022r7r
0 days 02:07:21.514000,4,SCDeployed,2022r7r
0 days 02:08:37.509000,1,AllClear,2022r7r
0 days 02:14:27.027000,2,Yellow,2022r7r
0 days 02:14:29.640000,1,AllClear,2022r7r
0 days 02:21:45.327000,2,Yellow,2022r7r
0 days 02:21:52.470000,1,AllClear,2022r7r
0 days 02:22:59.472000,2,Yellow,2022r7r
0 days 02:23:06.994000,1,AllClear,2022r7r
0 days 02:33:15.824000,2,Yellow,2022r7r
0 days 02:33:19.417000,1,AllClear,2022r7r
0 days 02:37:54.716000,2,Yellow,2022r7r
0 days 02:38:01.377000,1,AllClear,2022r7r
0 days 02:46:32.826000,2,Yellow,2022r7r
0 days 02:46:46.261000,6,VSCDeployed,2022r7r
0 days 02:48:33.853000,4,SCDeployed,2022r7r
0 days 02:54:02.815000,5,Red,2022r7r
0 days 03:10:08.667000,1,AllClear,2022r7r
0 days 03:50:03.263000,2,Yellow,2022r7r
0 days 03:50:10.544000,1,AllClear,2022r7r
0 days 03:54:35,2,Yellow,2022r7r
0 days 03:54:43.128000,1,AllClear,2022r7r
0 days 04:04:20.991000,2,Yellow,2022r7r
0 days 00:00:03.133000,2,Yellow,2022r8r
0 days 00:00:12.284000,1,AllClear,2022r8r
0 days 00:00:14.876000,2,Yellow,2022r8r
0 days 00:11:48.278000,1,AllClear,2022r8r
0 days 00:20:40.673000,2,Yellow,2022r8r
0 days 00:21:07.849000,1,AllClear,2022r8r
0 days 00:51:37.173000,2,Yellow,2022r8r
0 days 00:51:43.773000,1,AllClear,2022r8r
0 days 00:51:47.484000,2,Yellow,2022r8r
0 days 00:52:07.769000,1,AllClear,2022r8r
0 days 00:52:14.690000,2,Yellow,2022r8r
0 days 00:52:24.748000,1,AllClear,2022r8r
0 days 01:18:10.247000,2,Yellow,2022r8r
0 days 01:19:09.213000,6,VSCDeployed,2022r8r
0 days 01:21:06.431000,7,VSCEnding,2022r8r
0 days 01:21:20.621000,1,AllClear,2022r8r
0 days 01:26:26.185000,2,Yellow,2022r8r
0 days 01:26:32.065000,1,AllClear,2022r8r
0 days 02:02:45.972000,2,Yellow,2022r8r
0 days 02:03:22.133000,6,VSCDeployed,2022r8r
0 days 02:07:27.871000,7,VSCEnding,2022r8r
0 days 02:07:40.908000,1,AllClear,2022r8r
0 days 02:38:28.902000,2,Yellow,2022r8r
0 days 00:00:00,2,Yellow,2022r9r
0 days 00:06:01.850000,1,AllClear,2022r9r
0 days 01:12:46.079000,2,Yellow,2022r9r
0 days 01:13:11.665000,6,VSCDeployed,2022r9r
0 days 01:15:55.176000,7,VSCEnding,2022r9r
0 days 01:16:09.743000,1,AllClear,2022r9r
0 days 01:27:52.759000,2,Yellow,2022r9r
0 days 01:28:10.130000,6,VSCDeployed,2022r9r
0 days 01:29:35.617000,7,VSCEnding,2022r9r
0 days 01:29:49.731000,1,AllClear,2022r9r
0 days 02:06:35.092000,2,Yellow,2022r9r
0 days 02:07:19.350000,4,SCDeployed,2022r9r
0 days 02:18:05.440000,1,AllClear,2022r9r
0 days 00:00:00,1,AllClear,2022r10r
0 days 01:02:26.276000,2,Yellow,2022r10r
0 days 01:02:38.097000,5,Red,2022r10r
0 days 01:54:02.388000,1,AllClear,2022r10r
0 days 02:11:53.059000,2,Yellow,2022r10r
0 days 02:12:03.034000,1,AllClear,2022r10r
0 days 02:55:58.711000,2,Yellow,2022r10r
0 days 02:56:11.429000,4,SCDeployed,2022r10r
0 days 03:04:51.200000,1,AllClear,2022r10r
0 days 03:20:51.705000,2,Yellow,2022r10r
0 days 03:22:47.062000,1,AllClear,2022r10r
0 days 00:08:05.416000,1,AllClear,2022r11r
0 days 01:48:58.964000,2,Yellow,2022r11r
0 days 01:49:14.531000,1,AllClear,2022r11r
0 days 02:09:18.938000,2,Yellow,2022r11r
0 days 02:09:21.419000,1,AllClear,2022r11r
0 days 02:09:26.637000,2,Yellow,2022r11r
0 days 02:10:18.024000,6,VSCDeployed,2022r11r
0 days 02:12:46.453000,7,VSCEnding,2022r11r
0 days 02:12:58.041000,1,AllClear,2022r11r
0 days 00:00:00,1,AllClear,2022r12r
0 days 00:15:20.751000,2,Yellow,2022r12r
0 days 00:15:23.161000,1,AllClear,2022r12r
0 days 00:15:24.861000,2,Yellow,2022r12r
0 days 00:15:27.740000,1,AllClear,2022r12r
0 days 00:43:42.474000,2,Yellow,2022r12r
0 days 00:43:57.738000,1,AllClear,2022r12r
0 days 01:11:55.277000,2,Yellow,2022r12r
0 days 01:12:15.584000,4,SCDeployed,2022r12r
0 days 01:18:02.505000,1,AllClear,2022r12r
0 days 01:21:18.845000,2,Yellow,2022r12r
0 days 01:21:37,1,AllClear,2022r12r
0 days 01:47:01.605000,2,Yellow,2022r12r
0 days 01:47:07.661000,1,AllClear,2022r12r
0 days 02:05:04.377000,2,Yellow,2022r12r
0 days 02:05:47.311000,6,VSCDeployed,2022r12r
0 days 02:06:45.700000,7,VSCEnding,2022r12r
0 days 02:07:44.438000,1,AllClear,2022r12r
0 days 00:00:00,2,Yellow,2022r13r
0 days 00:04:16.015000,1,AllClear,2022r13r
0 days 01:02:47.449000,2,Yellow,2022r13r
0 days 01:03:00.518000,1,AllClear,2022r13r
0 days 01:03:35.598000,6,VSCDeployed,2022r13r
0 days 01:05:42.914000,7,VSCEnding,2022r13r
0 days 01:05:53.098000,1,AllClear,2022r13r
0 days 01:51:41.509000,2,Yellow,2022r13r
0 days 01:51:56.165000,1,AllClear,2022r13r
0 days 02:00:44.321000,2,Yellow,2022r13r
0 days 02:00:46.696000,1,AllClear,2022r13r
0 days 02:09:19.027000,2,Yellow,2022r13r
0 days 02:09:21.966000,1,AllClear,2022r13r
0 days 02:09:26.516000,2,Yellow,2022r13r
0 days 02:09:28.570000,1,AllClear,2022r13r
0 days 02:36:59.872000,2,Yellow,2022r13r
0 days 02:37:36.563000,6,VSCDeployed,2022r13r
0 days 02:39:27.997000,7,VSCEnding,2022r13r
0 days 02:39:41.769000,1,AllClear,2022r13r
0 days 00:01:29.745000,1,AllClear,2022r14r
0 days 00:30:37.879000,2,Yellow,2022r14r
0 days 00:31:09.838000,1,AllClear,2022r14r
0 days 01:03:26.855000,2,Yellow,2022r14r
0 days 01:03:32.069000,1,AllClear,2022r14r
0 days 01:05:18.853000,2,Yellow,2022r14r
0 days 01:05:51.780000,4,SCDeployed,2022r14r
0 days 01:12:57.770000,1,AllClear,2022r14r
0 days 02:28:40.049000,2,Yellow,2022r14r
0 days 02:30:56.014000,1,AllClear,2022r14r
0 days 00:00:00,1,AllClear,2022r15r
0 days 01:03:40.534000,2,Yellow,2022r15r
0 days 01:03:46.992000,1,AllClear,2022r15r
0 days 01:06:24.939000,2,Yellow,2022r15r
0 days 01:06:28.074000,1,AllClear,2022r15r
0 days 01:57:59.631000,2,Yellow,2022r15r
0 days 01:59:00.629000,1,AllClear,2022r15r
0 days 02:01:59.716000,2,Yellow,2022r15r
0 days 02:02:28.234000,6,VSCDeployed,2022r15r
0 days 02:06:03.103000,7,VSCEnding,2022r15r
0 days 02:06:16.780000,1,AllClear,2022r15r
0 days 02:13:01.978000,2,Yellow,2022r15r
0 days 02:14:18.971000,4,SCDeployed,2022r15r
0 days 02:23:46.597000,1,AllClear,2022r15r
0 days 00:07:13.128000,1,AllClear,2022r16r
0 days 00:07:13.128000,2,Yellow,2022r16r
0 days 00:08:32.384000,1,AllClear,2022r16r
0 days 01:18:18.928000,2,Yellow,2022r16r
0 days 01:18:28.703000,1,AllClear,2022r16r
0 days 01:18:29.579000,2,Yellow,2022r16r
0 days 01:18:50.912000,6,VSCDeployed,2022r16r
0 days 01:20:01.263000,7,VSCEnding,2022r16r
0 days 01:20:14.670000,1,AllClear,2022r16r
0 days 02:09:42.002000,2,Yellow,2022r16r
0 days 02:10:43.523000,4,SCDeployed,2022r16r
0 days 00:14:57.999000,1,AllClear,2022r17r
0 days 00:48:08.380000,2,Yellow,2022r17r
0 days 01:19:47.419000,1,AllClear,2022r17r
0 days 01:37:26.264000,2,Yellow,2022r17r
0 days 01:46:46.991000,1,AllClear,2022r17r
0 days 02:08:46.566000,2,Yellow,2022r17r
0 days 02:08:48.063000,1,AllClear,2022r17r
0 days 02:21:22.302000,2,Yellow,2022r17r
0 days 02:21:28.424000,1,AllClear,2022r17r
0 days 02:21:45.120000,2,Yellow,2022r17r
0 days 02:23:37.736000,4,SCDeployed,2022r17r
0 days 02:30:05.688000,1,AllClear,2022r17r
0 days 02:51:31.439000,2,Yellow,2022r17r
0 days 02:52:08.287000,6,VSCDeployed,2022r17r
0 days 02:55:00.727000,7,VSCEnding,2022r17r
0 days 02:55:11.300000,1,AllClear,2022r17r
0 days 03:00:45.695000,2,Yellow,2022r17r
0 days 03:01:07.906000,1,AllClear,2022r17r
0 days 03:01:13.091000,2,Yellow,2022r17r
0 days 03:02:02.127000,6,VSCDeployed,2022r17r
0 days 03:03:26.325000,7,VSCEnding,2022r17r
0 days 03:03:38.220000,1,AllClear,2022r17r
0 days 03:05:29.126000,2,Yellow,2022r17r
0 days 03:06:56.303000,6,VSCDeployed,2022r17r
0 days 03:10:55.964000,7,VSCEnding,2022r17r
0 days 03:11:10.227000,1,AllClear,2022r17r
0 days 03:17:00.351000,2,Yellow,2022r17r
0 days 03:17:06.680000,1,AllClear,2022r17r
0 days 03:22:48.614000,2,Yellow,2022r17r
0 days 03:23:29.510000,4,SCDeployed,2022r17r
0 days 03:33:18.832000,1,AllClear,2022r17r
0 days 00:00:00,1,AllClear,2022r18r
0 days 01:02:52.655000,2,Yellow,2022r18r
0 days 01:03:12.328000,1,AllClear,2022r18r
0 days 01:03:47.819000,2,Yellow,2022r18r
0 days 01:04:10,4,SCDeployed,2022r18r
0 days 01:07:12.953000,5,Red,2022r18r
0 days 03:03:47.299000,1,AllClear,2022r18r
0 days 00:00:00,1,AllClear,2022r19r
0 days 00:10:06.521000,2,Yellow,2022r19r
0 days 00:10:08.261000,1,AllClear,2022r19r
0 days 00:14:45.524000,2,Yellow,2022r19r
0 days 00:14:47.025000,1,AllClear,2022r19r
0 days 00:14:48.446000,2,Yellow,2022r19r
0 days 00:14:50.265000,1,AllClear,2022r19r
0 days 00:15:30.757000,2,Yellow,2022r19r
0 days 00:15:34.166000,1,AllClear,2022r19r
0 days 01:02:54.062000,2,Yellow,2022r19r
0 days 01:02:58.311000,1,AllClear,2022r19r
0 days 01:32:34.068000,2,Yellow,2022r19r
0 days 01:33:06.788000,4,SCDeployed,2022r19r
0 days 01:41:54.800000,1,AllClear,2022r19r
0 days 01:43:05.660000,2,Yellow,2022r19r
0 days 01:43:13.471000,4,SCDeployed,2022r19r
0 days 01:52:19.096000,1,AllClear,2022r19r
0 days 00:00:02.936000,2,Yellow,2022r20r
0 days 00:06:31.711000,1,AllClear,2022r20r
0 days 02:31:34.690000,2,Yellow,2022r20r
0 days 02:31:57.090000,6,VSCDeployed,2022r20r
0 days 02:32:50.946000,7,VSCEnding,2022r20r
0 days 02:33:02.399000,1,AllClear,2022r20r
0 days 00:13:30.735000,1,AllClear,2022r21r
0 days 01:02:34.787000,2,Yellow,2022r21r
0 days 01:02:44.831000,4,SCDeployed,2022r21r
0 days 01:12:52.027000,1,AllClear,2022r21r
0 days 01:13:49.890000,2,Yellow,2022r21r
0 days 01:14:01.337000,1,AllClear,2022r21r
0 days 02:11:42.913000,2,Yellow,2022r21r
0 days 02:12:45.520000,6,VSCDeployed,2022r21r
0 days 02:15:23.432000,4,SCDeployed,2022r21r
0 days 02:25:12.153000,1,AllClear,2022r21r
0 days 00:00:00,1,AllClear,2022r22r
0 days 00:02:19.161000,2,Yellow,2022r22r
0 days 00:02:21.239000,1,AllClear,2022r22r
0 days 02:00:17.981000,2,Yellow,2022r22r
0 days 02:00:27.096000,1,AllClear,2022r22r
